method,scope,seed,lambda,metric,n_subjects_with_fedavg_worse_than_local,gap_closure_mean,gap_closure_ci_low,gap_closure_ci_high,gap_closure_p_positive,fedavg_error_mean,local_site_error_mean,personalized_error_mean
FedAvg_then_LocalDecoder,decoder,20260828,0.0,scar_fraction_abs_error,27,0.5704962276560789,-0.41664816989082376,1.7601840979124566,0.86,0.24215299732785803,0.0352868127082074,0.04216950463188219
FedAvg_then_LocalDecoder,decoder,20260829,0.0,scar_fraction_abs_error,30,1.0484998246584538,0.03179298610189042,2.1634398001136264,0.98,0.22488995634128503,0.03396294822785262,0.036567576513464234
FedAvg_then_LocalDecoder,decoder,20260830,0.0,scar_fraction_abs_error,29,2.1636685666270146,-0.040544682049105565,6.18456762284813,0.963,0.23319938881000046,0.032042245574077914,0.05120990578206822
FedAvg_then_LocalFT,full-model,20260828,0.0,scar_fraction_abs_error,27,0.4687692975601002,-0.15247386671471888,1.1387161551281546,0.9265,0.24215299732785803,0.0352868127082074,0.036210155657972753
FedAvg_then_LocalFT,full-model,20260829,0.0,scar_fraction_abs_error,30,1.4991197817042052,0.6101017170197389,2.9207735311762097,1.0,0.22488995634128503,0.03396294822785262,0.04007397430848861
FedAvg_then_LocalFT,full-model,20260830,0.0,scar_fraction_abs_error,29,1.6826014446840762,0.14796667601699828,4.241029643247909,0.9955,0.23319938881000046,0.032042245574077914,0.04000865547200488
FedAvg_then_LocalLastDecoderStage,last-decoder-stage,20260828,0.0,scar_fraction_abs_error,27,0.254047043511069,0.0951057755101781,0.4104381379964941,0.9985,0.24215299732785803,0.0352868127082074,0.20039852249334444
FedAvg_then_LocalLastDecoderStage,last-decoder-stage,20260829,0.0,scar_fraction_abs_error,30,0.08390996854336895,-0.686312804220329,0.6540484250364362,0.6235,0.22488995634128503,0.03396294822785262,0.18729882027766054
FedAvg_then_LocalLastDecoderStage,last-decoder-stage,20260830,0.0,scar_fraction_abs_error,29,0.5376485050567307,0.035443777452481624,1.2984184758260369,0.9865,0.23319938881000046,0.032042245574077914,0.19096300810116645
FedAvg_then_ProxLocalFT,full-model,20260828,0.0001,scar_fraction_abs_error,27,0.6966376669963438,-0.26003598415769813,1.7016906635293827,0.9175,0.24215299732785803,0.0352868127082074,0.046455922941610876
FedAvg_then_ProxLocalFT,full-model,20260829,0.0001,scar_fraction_abs_error,30,1.6214804573564896,0.6295565429481523,2.722581732977207,1.0,0.22488995634128503,0.03396294822785262,0.02997273111704844
FedAvg_then_ProxLocalFT,full-model,20260830,0.0001,scar_fraction_abs_error,29,-0.5901269017781922,-3.306035632132305,0.8746048110558586,0.3485,0.23319938881000046,0.032042245574077914,0.040952700368197335
FedAvg_then_ProxLocalFT,full-model,20260828,0.001,scar_fraction_abs_error,27,0.9277762097313198,0.37520134935357174,1.5093498044065703,1.0,0.24215299732785803,0.0352868127082074,0.04397488504011588
FedAvg_then_ProxLocalFT,full-model,20260829,0.001,scar_fraction_abs_error,30,1.9143328457807023,0.8789849320841739,3.310201913373725,1.0,0.22488995634128503,0.03396294822785262,0.0341419932224734
FedAvg_then_ProxLocalFT,full-model,20260830,0.001,scar_fraction_abs_error,29,1.2031695368108684,0.595354516444765,2.233416075757099,1.0,0.23319938881000046,0.032042245574077914,0.035183177883283304
FedAvg_then_ProxLocalFT,full-model,20260828,0.01,scar_fraction_abs_error,27,0.5592262978854707,-0.5536083768531584,1.8223383330799698,0.8165,0.24215299732785803,0.0352868127082074,0.042607307555687125
FedAvg_then_ProxLocalFT,full-model,20260829,0.01,scar_fraction_abs_error,30,0.839584186426142,-0.734329313083579,2.4452213606376123,0.861,0.22488995634128503,0.03396294822785262,0.039891809531052785
FedAvg_then_ProxLocalFT,full-model,20260830,0.01,scar_fraction_abs_error,29,1.3285947064416908,0.4387183905772643,2.8153844325732744,1.0,0.23319938881000046,0.032042245574077914,0.040181682743201705
