comparison,method,scope,seed,lambda,metric,n_subjects,estimate,ci_low,ci_high,p_negative,p_positive,negative_is_improvement
Delta_global_personalized_minus_same_run_FedAvg_anchor,FedAvg_then_LocalDecoder,decoder,20260828,0.0,scar_fraction_abs_error,45,-0.11295961469652435,-0.15777800456535424,-0.06485719482302292,1.0,0.0,True
Delta_local_personalized_minus_local_site_model,FedAvg_then_LocalDecoder,decoder,20260828,0.0,scar_fraction_abs_error,45,-0.012112875520436236,-0.029047293873611338,0.004379463261584794,0.919,0.081,True
Delta_global_personalized_minus_same_run_FedAvg_anchor,FedAvg_then_LocalDecoder,decoder,20260828,0.0,scar_fraction_signed_error,45,-0.06988615057540461,-0.10228140097452261,-0.031739358396988396,1.0,0.0,True
Delta_local_personalized_minus_local_site_model,FedAvg_then_LocalDecoder,decoder,20260828,0.0,scar_fraction_signed_error,45,0.025501237132176384,0.014377640435424879,0.03801785531299639,0.0,1.0,True
Delta_global_personalized_minus_same_run_FedAvg_anchor,FedAvg_then_LocalDecoder,decoder,20260828,0.0,scar_volume_ml_abs_error,45,-1.1657801144957403,-4.41680189905029,2.2414422899785267,0.757,0.243,True
Delta_local_personalized_minus_local_site_model,FedAvg_then_LocalDecoder,decoder,20260828,0.0,scar_volume_ml_abs_error,45,-1.39984998605047,-4.040291060628635,1.0051244823800576,0.8765,0.1235,True
Delta_global_personalized_minus_same_run_FedAvg_anchor,FedAvg_then_LocalDecoder,decoder,20260828,0.0,scar_volume_ml_signed_error,45,2.0218901504749742,-0.8549158019406894,5.128451154940887,0.096,0.904,True
Delta_local_personalized_minus_local_site_model,FedAvg_then_LocalDecoder,decoder,20260828,0.0,scar_volume_ml_signed_error,45,3.3297321923384477,1.839343689200581,4.944829883031803,0.0,1.0,True
Delta_global_personalized_minus_same_run_FedAvg_anchor,FedAvg_then_LocalDecoder,decoder,20260828,0.0,whole_myo_volume_ml_abs_error,45,-27.886922496587037,-35.1158132478077,-21.839913250094853,1.0,0.0,True
Delta_local_personalized_minus_local_site_model,FedAvg_then_LocalDecoder,decoder,20260828,0.0,whole_myo_volume_ml_abs_error,45,-0.9902796340487612,-4.188002234230875,1.8832032323466037,0.725,0.275,True
Delta_global_personalized_minus_same_run_FedAvg_anchor,FedAvg_then_LocalDecoder,decoder,20260828,0.0,whole_myo_volume_ml_signed_error,45,12.107663914955221,7.003331095271028,17.833927860303877,0.0,1.0,True
Delta_local_personalized_minus_local_site_model,FedAvg_then_LocalDecoder,decoder,20260828,0.0,whole_myo_volume_ml_signed_error,45,-2.6106994546965017,-5.032881277925885,-0.33422976113527597,0.99,0.01,True
Delta_global_personalized_minus_same_run_FedAvg_anchor,FedAvg_then_LocalDecoder,decoder,20260828,0.0,scar_dice_positive,44,0.03966420484525917,0.008999186919294227,0.0724351055607532,0.006,0.994,True
Delta_local_personalized_minus_local_site_model,FedAvg_then_LocalDecoder,decoder,20260828,0.0,scar_dice_positive,44,-0.029106509255224025,-0.05663350697396219,0.0004957302731018344,0.9735,0.0265,True
Delta_global_personalized_minus_same_run_FedAvg_anchor,FedAvg_then_LocalDecoder,decoder,20260828,0.0,whole_myocardium_dice,45,0.10990182253505264,0.08821602797605782,0.13204148426749035,0.0,1.0,True
Delta_local_personalized_minus_local_site_model,FedAvg_then_LocalDecoder,decoder,20260828,0.0,whole_myocardium_dice,45,-0.004865348146872909,-0.02538971435450647,0.017622480715862348,0.691,0.309,True
Delta_global_personalized_minus_same_run_FedAvg_anchor,FedAvg_then_LocalDecoder,decoder,20260828,0.0,scar_false_negative_burden,44,-0.03953905781175665,-0.07904400119608673,0.0007252976655843323,0.9735,0.0265,True
Delta_local_personalized_minus_local_site_model,FedAvg_then_LocalDecoder,decoder,20260828,0.0,scar_false_negative_burden,44,0.00841052353826572,-0.022760148961937236,0.041033338147978764,0.2895,0.7105,True
Delta_global_personalized_minus_same_run_FedAvg_anchor,FedAvg_then_LocalDecoder,decoder,20260829,0.0,scar_fraction_abs_error,45,-0.12144318035077989,-0.1622565204390545,-0.07586556472196566,1.0,0.0,True
Delta_local_personalized_minus_local_site_model,FedAvg_then_LocalDecoder,decoder,20260829,0.0,scar_fraction_abs_error,45,-0.012744349453615559,-0.024164100861913704,-0.0017848314131291947,0.99,0.01,True
Delta_global_personalized_minus_same_run_FedAvg_anchor,FedAvg_then_LocalDecoder,decoder,20260829,0.0,scar_fraction_signed_error,45,-0.07179577948986096,-0.09985316470342699,-0.0383479132802732,1.0,0.0,True
Delta_local_personalized_minus_local_site_model,FedAvg_then_LocalDecoder,decoder,20260829,0.0,scar_fraction_signed_error,45,0.013338109126099404,0.004826114837683914,0.0212083289290844,0.0,1.0,True
Delta_global_personalized_minus_same_run_FedAvg_anchor,FedAvg_then_LocalDecoder,decoder,20260829,0.0,scar_volume_ml_abs_error,45,-0.423693467587976,-3.019760959151353,2.2201797317705294,0.631,0.369,True
Delta_local_personalized_minus_local_site_model,FedAvg_then_LocalDecoder,decoder,20260829,0.0,scar_volume_ml_abs_error,45,0.7298327672079153,-2.6861490843229823,4.055914757245941,0.3295,0.6705,True
Delta_global_personalized_minus_same_run_FedAvg_anchor,FedAvg_then_LocalDecoder,decoder,20260829,0.0,scar_volume_ml_signed_error,45,6.972665242089968,4.98579730287579,9.117525152281681,0.0,1.0,True
Delta_local_personalized_minus_local_site_model,FedAvg_then_LocalDecoder,decoder,20260829,0.0,scar_volume_ml_signed_error,45,7.118465641230537,5.482619432197945,8.758496861719939,0.0,1.0,True
Delta_global_personalized_minus_same_run_FedAvg_anchor,FedAvg_then_LocalDecoder,decoder,20260829,0.0,whole_myo_volume_ml_abs_error,45,-20.338740294356736,-24.856117468740102,-16.013588069281884,1.0,0.0,True
Delta_local_personalized_minus_local_site_model,FedAvg_then_LocalDecoder,decoder,20260829,0.0,whole_myo_volume_ml_abs_error,45,4.949528934357384,-1.8888888248344566,12.01173576772866,0.0755,0.9245,True
Delta_global_personalized_minus_same_run_FedAvg_anchor,FedAvg_then_LocalDecoder,decoder,20260829,0.0,whole_myo_volume_ml_signed_error,45,25.99795578692397,22.088287968502573,30.170941826200625,0.0,1.0,True
Delta_local_personalized_minus_local_site_model,FedAvg_then_LocalDecoder,decoder,20260829,0.0,whole_myo_volume_ml_signed_error,45,16.8395307149831,13.486806921241712,20.10649812011317,0.0,1.0,True
Delta_global_personalized_minus_same_run_FedAvg_anchor,FedAvg_then_LocalDecoder,decoder,20260829,0.0,scar_dice_positive,44,0.05572002168502581,0.024252241846596433,0.08958962729827674,0.0,1.0,True
Delta_local_personalized_minus_local_site_model,FedAvg_then_LocalDecoder,decoder,20260829,0.0,scar_dice_positive,44,-0.0216450060251922,-0.05276452640066419,0.0066260427786147685,0.929,0.071,True
Delta_global_personalized_minus_same_run_FedAvg_anchor,FedAvg_then_LocalDecoder,decoder,20260829,0.0,whole_myocardium_dice,45,0.1164683753408407,0.09902150958458902,0.13514021687788616,0.0,1.0,True
Delta_local_personalized_minus_local_site_model,FedAvg_then_LocalDecoder,decoder,20260829,0.0,whole_myocardium_dice,45,-0.007895378334425938,-0.02474246217253395,0.008674563705031401,0.816,0.184,True
Delta_global_personalized_minus_same_run_FedAvg_anchor,FedAvg_then_LocalDecoder,decoder,20260829,0.0,scar_false_negative_burden,44,-0.10070128060013885,-0.14023960232087146,-0.06451020192975519,1.0,0.0,True
Delta_local_personalized_minus_local_site_model,FedAvg_then_LocalDecoder,decoder,20260829,0.0,scar_false_negative_burden,44,-0.033667323343173364,-0.06604969709181818,-0.000817820167340719,0.978,0.022,True
Delta_global_personalized_minus_same_run_FedAvg_anchor,FedAvg_then_LocalDecoder,decoder,20260830,0.0,scar_fraction_abs_error,45,-0.11262811830200846,-0.1554559846102071,-0.06407452034611358,1.0,0.0,True
Delta_local_personalized_minus_local_site_model,FedAvg_then_LocalDecoder,decoder,20260830,0.0,scar_fraction_abs_error,45,0.002323887187885086,-0.012538253292192146,0.01733177656368646,0.391,0.609,True
Delta_global_personalized_minus_same_run_FedAvg_anchor,FedAvg_then_LocalDecoder,decoder,20260830,0.0,scar_fraction_signed_error,45,-0.06385013111610228,-0.09562581510742511,-0.02114522628901924,0.9995,0.0005,True
Delta_local_personalized_minus_local_site_model,FedAvg_then_LocalDecoder,decoder,20260830,0.0,scar_fraction_signed_error,45,0.016230051589863764,0.007985969561843059,0.024356494623075306,0.0,1.0,True
Delta_global_personalized_minus_same_run_FedAvg_anchor,FedAvg_then_LocalDecoder,decoder,20260830,0.0,scar_volume_ml_abs_error,45,-0.9132255769531039,-3.550374719442412,1.6970636843127662,0.761,0.239,True
Delta_local_personalized_minus_local_site_model,FedAvg_then_LocalDecoder,decoder,20260830,0.0,scar_volume_ml_abs_error,45,0.7850790722953668,-1.6474718177817278,3.1164056468010437,0.2695,0.7305,True
Delta_global_personalized_minus_same_run_FedAvg_anchor,FedAvg_then_LocalDecoder,decoder,20260830,0.0,scar_volume_ml_signed_error,45,1.9919823762922937,-0.2521858826872595,4.449954874424663,0.044,0.956,True
Delta_local_personalized_minus_local_site_model,FedAvg_then_LocalDecoder,decoder,20260830,0.0,scar_volume_ml_signed_error,45,3.1594240337981825,1.5474676978583883,4.685312441812261,0.0,1.0,True
Delta_global_personalized_minus_same_run_FedAvg_anchor,FedAvg_then_LocalDecoder,decoder,20260830,0.0,whole_myo_volume_ml_abs_error,45,-27.592413998038143,-33.77646419661426,-21.824466092422373,1.0,0.0,True
Delta_local_personalized_minus_local_site_model,FedAvg_then_LocalDecoder,decoder,20260830,0.0,whole_myo_volume_ml_abs_error,45,-0.3557778970481408,-2.7602539025756263,1.9828179281269311,0.6265,0.3735,True
Delta_global_personalized_minus_same_run_FedAvg_anchor,FedAvg_then_LocalDecoder,decoder,20260830,0.0,whole_myo_volume_ml_signed_error,45,12.285864402793694,6.581190131933159,18.292799308809848,0.0,1.0,True
Delta_local_personalized_minus_local_site_model,FedAvg_then_LocalDecoder,decoder,20260830,0.0,whole_myo_volume_ml_signed_error,45,0.5468553432152614,-1.6969338762651014,2.822945997277296,0.307,0.693,True
Delta_global_personalized_minus_same_run_FedAvg_anchor,FedAvg_then_LocalDecoder,decoder,20260830,0.0,scar_dice_positive,44,0.0505664810960589,0.020606832747266237,0.08413827620399264,0.001,0.999,True
Delta_local_personalized_minus_local_site_model,FedAvg_then_LocalDecoder,decoder,20260830,0.0,scar_dice_positive,44,-0.028764081670939856,-0.049792928990899675,-0.00791592913893091,0.995,0.005,True
Delta_global_personalized_minus_same_run_FedAvg_anchor,FedAvg_then_LocalDecoder,decoder,20260830,0.0,whole_myocardium_dice,45,0.11453938007833593,0.09551128869046016,0.13328907172616308,0.0,1.0,True
Delta_local_personalized_minus_local_site_model,FedAvg_then_LocalDecoder,decoder,20260830,0.0,whole_myocardium_dice,45,-0.004276101777423693,-0.017528563950897084,0.008062289455080468,0.762,0.238,True
Delta_global_personalized_minus_same_run_FedAvg_anchor,FedAvg_then_LocalDecoder,decoder,20260830,0.0,scar_false_negative_burden,44,-0.046731609105423934,-0.09524310097289197,0.0028355703660871657,0.9685,0.0315,True
Delta_local_personalized_minus_local_site_model,FedAvg_then_LocalDecoder,decoder,20260830,0.0,scar_false_negative_burden,44,0.00406343423959632,-0.022615604601351483,0.032755817497001904,0.399,0.601,True
Delta_global_personalized_minus_same_run_FedAvg_anchor,FedAvg_then_LocalFT,full-model,20260828,0.0,scar_fraction_abs_error,45,-0.10468123995761212,-0.1496145713448944,-0.05463642538507097,1.0,0.0,True
Delta_local_personalized_minus_local_site_model,FedAvg_then_LocalFT,full-model,20260828,0.0,scar_fraction_abs_error,45,-0.0038345007815240068,-0.014863984891172674,0.007899404597864323,0.759,0.241,True
Delta_global_personalized_minus_same_run_FedAvg_anchor,FedAvg_then_LocalFT,full-model,20260828,0.0,scar_fraction_signed_error,45,-0.08980561555479066,-0.12371452919012407,-0.05011557021894359,1.0,0.0,True
Delta_local_personalized_minus_local_site_model,FedAvg_then_LocalFT,full-model,20260828,0.0,scar_fraction_signed_error,45,0.005581772152790323,-0.004594903681244748,0.01709577272151157,0.1675,0.8325,True
Delta_global_personalized_minus_same_run_FedAvg_anchor,FedAvg_then_LocalFT,full-model,20260828,0.0,scar_volume_ml_abs_error,45,-1.1784493799481255,-4.719036572596377,2.13207122133547,0.751,0.249,True
Delta_local_personalized_minus_local_site_model,FedAvg_then_LocalFT,full-model,20260828,0.0,scar_volume_ml_abs_error,45,-1.412519251502855,-3.4612848601669883,0.6035866523680388,0.9045,0.0955,True
Delta_global_personalized_minus_same_run_FedAvg_anchor,FedAvg_then_LocalFT,full-model,20260828,0.0,scar_volume_ml_signed_error,45,1.4177115734095715,-1.5931133997403235,4.543411476423636,0.183,0.817,True
Delta_local_personalized_minus_local_site_model,FedAvg_then_LocalFT,full-model,20260828,0.0,scar_volume_ml_signed_error,45,2.7255536152730446,1.092480106138639,4.364935795524108,0.0,1.0,True
Delta_global_personalized_minus_same_run_FedAvg_anchor,FedAvg_then_LocalFT,full-model,20260828,0.0,whole_myo_volume_ml_abs_error,45,-25.36823098607753,-30.96101591217026,-20.43698940947561,1.0,0.0,True
Delta_local_personalized_minus_local_site_model,FedAvg_then_LocalFT,full-model,20260828,0.0,whole_myo_volume_ml_abs_error,45,1.5284118764607462,-2.8594999435005803,5.789984119787868,0.2435,0.7565,True
Delta_global_personalized_minus_same_run_FedAvg_anchor,FedAvg_then_LocalFT,full-model,20260828,0.0,whole_myo_volume_ml_signed_error,45,19.752215611774165,14.780899694696203,25.318042002527218,0.0,1.0,True
Delta_local_personalized_minus_local_site_model,FedAvg_then_LocalFT,full-model,20260828,0.0,whole_myo_volume_ml_signed_error,45,5.033852242122439,2.0683458545743556,7.459891960528509,0.001,0.999,True
Delta_global_personalized_minus_same_run_FedAvg_anchor,FedAvg_then_LocalFT,full-model,20260828,0.0,scar_dice_positive,44,0.08019289164135471,0.04225712489515312,0.11803813766536922,0.0,1.0,True
Delta_local_personalized_minus_local_site_model,FedAvg_then_LocalFT,full-model,20260828,0.0,scar_dice_positive,44,0.01142217754087151,-0.012166234726911156,0.03673790607877984,0.1835,0.8165,True
Delta_global_personalized_minus_same_run_FedAvg_anchor,FedAvg_then_LocalFT,full-model,20260828,0.0,whole_myocardium_dice,45,0.12483983790357939,0.10334675742501825,0.1485877134574492,0.0,1.0,True
Delta_local_personalized_minus_local_site_model,FedAvg_then_LocalFT,full-model,20260828,0.0,whole_myocardium_dice,45,0.01007266722165385,-0.008729524802681571,0.03223302949292428,0.178,0.822,True
Delta_global_personalized_minus_same_run_FedAvg_anchor,FedAvg_then_LocalFT,full-model,20260828,0.0,scar_false_negative_burden,44,-0.07996553691783037,-0.12606246963303766,-0.03624408671551248,1.0,0.0,True
Delta_local_personalized_minus_local_site_model,FedAvg_then_LocalFT,full-model,20260828,0.0,scar_false_negative_burden,44,-0.03201595556780801,-0.05956735891089596,-0.0020181507075803934,0.9785,0.0215,True
Delta_global_personalized_minus_same_run_FedAvg_anchor,FedAvg_then_LocalFT,full-model,20260829,0.0,scar_fraction_abs_error,45,-0.11868223559668249,-0.15902894988294067,-0.0725814739304946,1.0,0.0,True
Delta_local_personalized_minus_local_site_model,FedAvg_then_LocalFT,full-model,20260829,0.0,scar_fraction_abs_error,45,-0.009983404699518176,-0.021535625629069646,0.0009321042326345866,0.9635,0.0365,True
Delta_global_personalized_minus_same_run_FedAvg_anchor,FedAvg_then_LocalFT,full-model,20260829,0.0,scar_fraction_signed_error,45,-0.08600928450726553,-0.11508280962599077,-0.048285051108685785,1.0,0.0,True
Delta_local_personalized_minus_local_site_model,FedAvg_then_LocalFT,full-model,20260829,0.0,scar_fraction_signed_error,45,-0.0008753958913051567,-0.010181007062573496,0.008400509765900675,0.558,0.442,True
Delta_global_personalized_minus_same_run_FedAvg_anchor,FedAvg_then_LocalFT,full-model,20260829,0.0,scar_volume_ml_abs_error,45,-1.0000411992333846,-4.283265764253382,2.21176297795974,0.714,0.286,True
Delta_local_personalized_minus_local_site_model,FedAvg_then_LocalFT,full-model,20260829,0.0,scar_volume_ml_abs_error,45,0.1534850355625068,-1.4638765074821785,1.7122304566022803,0.4105,0.5895,True
Delta_global_personalized_minus_same_run_FedAvg_anchor,FedAvg_then_LocalFT,full-model,20260829,0.0,scar_volume_ml_signed_error,45,1.4415962541804623,-1.1119097747135678,4.272704581495124,0.155,0.845,True
Delta_local_personalized_minus_local_site_model,FedAvg_then_LocalFT,full-model,20260829,0.0,scar_volume_ml_signed_error,45,1.587396653321031,0.26790304109888746,2.8586899412831324,0.0075,0.9925,True
Delta_global_personalized_minus_same_run_FedAvg_anchor,FedAvg_then_LocalFT,full-model,20260829,0.0,whole_myo_volume_ml_abs_error,45,-25.0342608410376,-32.434602061618,-16.996333644243997,1.0,0.0,True
Delta_local_personalized_minus_local_site_model,FedAvg_then_LocalFT,full-model,20260829,0.0,whole_myo_volume_ml_abs_error,45,0.2540083876765168,-3.5830032703042107,5.821252282310106,0.476,0.524,True
Delta_global_personalized_minus_same_run_FedAvg_anchor,FedAvg_then_LocalFT,full-model,20260829,0.0,whole_myo_volume_ml_signed_error,45,16.282913806583203,9.62482538721159,23.503460496499766,0.0,1.0,True
Delta_local_personalized_minus_local_site_model,FedAvg_then_LocalFT,full-model,20260829,0.0,whole_myo_volume_ml_signed_error,45,7.124488734642327,3.627641661736244,11.874944047096239,0.0,1.0,True
Delta_global_personalized_minus_same_run_FedAvg_anchor,FedAvg_then_LocalFT,full-model,20260829,0.0,scar_dice_positive,44,0.07047064400536085,0.03660849473339863,0.10620230637966863,0.0,1.0,True
Delta_local_personalized_minus_local_site_model,FedAvg_then_LocalFT,full-model,20260829,0.0,scar_dice_positive,44,-0.006894383704857151,-0.030061140783944708,0.015038146666381879,0.7365,0.2635,True
Delta_global_personalized_minus_same_run_FedAvg_anchor,FedAvg_then_LocalFT,full-model,20260829,0.0,whole_myocardium_dice,45,0.11376125747881492,0.08824740579083248,0.1396582571956957,0.0,1.0,True
Delta_local_personalized_minus_local_site_model,FedAvg_then_LocalFT,full-model,20260829,0.0,whole_myocardium_dice,45,-0.010602496196451707,-0.027701061086577248,0.005087680841473408,0.901,0.099,True
Delta_global_personalized_minus_same_run_FedAvg_anchor,FedAvg_then_LocalFT,full-model,20260829,0.0,scar_false_negative_burden,44,-0.06626520252436195,-0.10913580786925457,-0.026918759858791125,0.999,0.001,True
Delta_local_personalized_minus_local_site_model,FedAvg_then_LocalFT,full-model,20260829,0.0,scar_false_negative_burden,44,0.0007687547326035201,-0.02542561620755643,0.025934017579194772,0.4595,0.5405,True
Delta_global_personalized_minus_same_run_FedAvg_anchor,FedAvg_then_LocalFT,full-model,20260830,0.0,scar_fraction_abs_error,45,-0.11749338558916776,-0.16264089393072872,-0.06714404954179436,1.0,0.0,True
Delta_local_personalized_minus_local_site_model,FedAvg_then_LocalFT,full-model,20260830,0.0,scar_fraction_abs_error,45,-0.0025413800992742097,-0.014525094916948637,0.009020986200737819,0.6565,0.3435,True
Delta_global_personalized_minus_same_run_FedAvg_anchor,FedAvg_then_LocalFT,full-model,20260830,0.0,scar_fraction_signed_error,45,-0.06830420325181714,-0.10212908880920188,-0.026621706912846103,0.9995,0.0005,True
Delta_local_personalized_minus_local_site_model,FedAvg_then_LocalFT,full-model,20260830,0.0,scar_fraction_signed_error,45,0.011775979454148908,0.003581749880492677,0.01925138636358658,0.001,0.999,True
Delta_global_personalized_minus_same_run_FedAvg_anchor,FedAvg_then_LocalFT,full-model,20260830,0.0,scar_volume_ml_abs_error,45,-1.303688184338101,-4.167274485179268,1.6586716561345105,0.8105,0.1895,True
Delta_local_personalized_minus_local_site_model,FedAvg_then_LocalFT,full-model,20260830,0.0,scar_volume_ml_abs_error,45,0.3946164649103697,-1.0555678897037994,1.8055209043002367,0.311,0.689,True
Delta_global_personalized_minus_same_run_FedAvg_anchor,FedAvg_then_LocalFT,full-model,20260830,0.0,scar_volume_ml_signed_error,45,1.0017027422435336,-1.4248769776408379,3.7443183273020413,0.218,0.782,True
Delta_local_personalized_minus_local_site_model,FedAvg_then_LocalFT,full-model,20260830,0.0,scar_volume_ml_signed_error,45,2.1691443997494226,0.9560051171425314,3.363326515074895,0.0,1.0,True
Delta_global_personalized_minus_same_run_FedAvg_anchor,FedAvg_then_LocalFT,full-model,20260830,0.0,whole_myo_volume_ml_abs_error,45,-28.35526993257277,-35.451938206438925,-21.766358817964317,1.0,0.0,True
Delta_local_personalized_minus_local_site_model,FedAvg_then_LocalFT,full-model,20260830,0.0,whole_myo_volume_ml_abs_error,45,-1.1186338315827655,-3.577000946180049,1.5200730074785527,0.7775,0.2225,True
Delta_global_personalized_minus_same_run_FedAvg_anchor,FedAvg_then_LocalFT,full-model,20260830,0.0,whole_myo_volume_ml_signed_error,45,9.176078966423713,3.7168717137031457,14.852003350886752,0.0,1.0,True
Delta_local_personalized_minus_local_site_model,FedAvg_then_LocalFT,full-model,20260830,0.0,whole_myo_volume_ml_signed_error,45,-2.562930093154721,-4.493025184640876,-0.7921354377665969,0.998,0.002,True
Delta_global_personalized_minus_same_run_FedAvg_anchor,FedAvg_then_LocalFT,full-model,20260830,0.0,scar_dice_positive,44,0.07911470998200673,0.04517885471776319,0.11425797608832589,0.0,1.0,True
Delta_local_personalized_minus_local_site_model,FedAvg_then_LocalFT,full-model,20260830,0.0,scar_dice_positive,44,-0.00021585278499202117,-0.015552934106809291,0.014652499899604751,0.5235,0.4765,True
Delta_global_personalized_minus_same_run_FedAvg_anchor,FedAvg_then_LocalFT,full-model,20260830,0.0,whole_myocardium_dice,45,0.12294209615264393,0.10165228329137327,0.14404916195379583,0.0,1.0,True
Delta_local_personalized_minus_local_site_model,FedAvg_then_LocalFT,full-model,20260830,0.0,whole_myocardium_dice,45,0.004126614296884282,-0.006315635767115183,0.014688662908605892,0.2315,0.7685,True
Delta_global_personalized_minus_same_run_FedAvg_anchor,FedAvg_then_LocalFT,full-model,20260830,0.0,scar_false_negative_burden,44,-0.07402940433525382,-0.11404629041923596,-0.035483176611089164,1.0,0.0,True
Delta_local_personalized_minus_local_site_model,FedAvg_then_LocalFT,full-model,20260830,0.0,scar_false_negative_burden,44,-0.02323436099023356,-0.04507578054021488,0.0012940144886861235,0.9695,0.0305,True
Delta_global_personalized_minus_same_run_FedAvg_anchor,FedAvg_then_LocalLastDecoderStage,last-decoder-stage,20260828,0.0,scar_fraction_abs_error,45,-0.022420505586270897,-0.04901480579700833,-0.0028544908983924957,0.9935,0.0065,True
Delta_local_personalized_minus_local_site_model,FedAvg_then_LocalLastDecoderStage,last-decoder-stage,20260828,0.0,scar_fraction_abs_error,45,0.07842623358981722,0.03917099910935412,0.10863728321009983,0.0,1.0,True
Delta_global_personalized_minus_same_run_FedAvg_anchor,FedAvg_then_LocalLastDecoderStage,last-decoder-stage,20260828,0.0,scar_fraction_signed_error,45,0.01327658217691327,-0.003990733517709056,0.040497393429436236,0.1415,0.8585,True
Delta_local_personalized_minus_local_site_model,FedAvg_then_LocalLastDecoderStage,last-decoder-stage,20260828,0.0,scar_fraction_signed_error,45,0.10866396988449425,0.07764511938512088,0.1362729970889205,0.0,1.0,True
Delta_global_personalized_minus_same_run_FedAvg_anchor,FedAvg_then_LocalLastDecoderStage,last-decoder-stage,20260828,0.0,scar_volume_ml_abs_error,45,-0.25359300192397966,-1.542348068458367,1.0301826279018687,0.662,0.338,True
Delta_local_personalized_minus_local_site_model,FedAvg_then_LocalLastDecoderStage,last-decoder-stage,20260828,0.0,scar_volume_ml_abs_error,45,-0.4876628734787093,-3.793827116682576,2.8269337005016624,0.599,0.401,True
Delta_global_personalized_minus_same_run_FedAvg_anchor,FedAvg_then_LocalLastDecoderStage,last-decoder-stage,20260828,0.0,scar_volume_ml_signed_error,45,0.13853114847116668,-0.49038884247973563,0.7838381073596628,0.3485,0.6515,True
Delta_local_personalized_minus_local_site_model,FedAvg_then_LocalLastDecoderStage,last-decoder-stage,20260828,0.0,scar_volume_ml_signed_error,45,1.4463731903346397,-1.0561961606545134,3.8049179162753197,0.1235,0.8765,True
Delta_global_personalized_minus_same_run_FedAvg_anchor,FedAvg_then_LocalLastDecoderStage,last-decoder-stage,20260828,0.0,whole_myo_volume_ml_abs_error,45,-6.403379068237691,-9.352321948903352,-3.369380762418125,1.0,0.0,True
Delta_local_personalized_minus_local_site_model,FedAvg_then_LocalLastDecoderStage,last-decoder-stage,20260828,0.0,whole_myo_volume_ml_abs_error,45,20.493263794300585,15.191975820050859,26.467009378689017,0.0,1.0,True
Delta_global_personalized_minus_same_run_FedAvg_anchor,FedAvg_then_LocalLastDecoderStage,last-decoder-stage,20260828,0.0,whole_myo_volume_ml_signed_error,45,-4.579004843094172,-6.622064089982825,-2.773411246287241,1.0,0.0,True
Delta_local_personalized_minus_local_site_model,FedAvg_then_LocalLastDecoderStage,last-decoder-stage,20260828,0.0,whole_myo_volume_ml_signed_error,45,-19.297368212745898,-24.81918448301764,-14.337418288321738,1.0,0.0,True
Delta_global_personalized_minus_same_run_FedAvg_anchor,FedAvg_then_LocalLastDecoderStage,last-decoder-stage,20260828,0.0,scar_dice_positive,44,0.01028036395050922,0.0016248757145948482,0.01942940147472622,0.0105,0.9895,True
Delta_local_personalized_minus_local_site_model,FedAvg_then_LocalLastDecoderStage,last-decoder-stage,20260828,0.0,scar_dice_positive,44,-0.058490350149973974,-0.09688048799123171,-0.019273804632449206,0.9985,0.0015,True
Delta_global_personalized_minus_same_run_FedAvg_anchor,FedAvg_then_LocalLastDecoderStage,last-decoder-stage,20260828,0.0,whole_myocardium_dice,45,0.017702821440931632,0.007966660809459111,0.028666673797033776,0.0,1.0,True
Delta_local_personalized_minus_local_site_model,FedAvg_then_LocalLastDecoderStage,last-decoder-stage,20260828,0.0,whole_myocardium_dice,45,-0.0970643492409939,-0.12309596312982184,-0.0708314629887314,1.0,0.0,True
Delta_global_personalized_minus_same_run_FedAvg_anchor,FedAvg_then_LocalLastDecoderStage,last-decoder-stage,20260828,0.0,scar_false_negative_burden,44,-0.006989576812016543,-0.017063221494851507,0.0028720521085686583,0.921,0.079,True
Delta_local_personalized_minus_local_site_model,FedAvg_then_LocalLastDecoderStage,last-decoder-stage,20260828,0.0,scar_false_negative_burden,44,0.04096000453800583,-0.004885677608897505,0.08803070334412172,0.0385,0.9615,True
Delta_global_personalized_minus_same_run_FedAvg_anchor,FedAvg_then_LocalLastDecoderStage,last-decoder-stage,20260829,0.0,scar_fraction_abs_error,45,-0.02184310579581844,-0.04749526883375661,-0.0029542344915053846,0.993,0.007,True
Delta_local_personalized_minus_local_site_model,FedAvg_then_LocalLastDecoderStage,last-decoder-stage,20260829,0.0,scar_fraction_abs_error,45,0.08685572510134588,0.04808110480129517,0.11524479280256049,0.0,1.0,True
Delta_global_personalized_minus_same_run_FedAvg_anchor,FedAvg_then_LocalLastDecoderStage,last-decoder-stage,20260829,0.0,scar_fraction_signed_error,45,0.012330767041271137,-0.004289258143661838,0.03933000767207369,0.164,0.836,True
Delta_local_personalized_minus_local_site_model,FedAvg_then_LocalLastDecoderStage,last-decoder-stage,20260829,0.0,scar_fraction_signed_error,45,0.0974646556572315,0.06797169067967489,0.12292898675993504,0.0,1.0,True
Delta_global_personalized_minus_same_run_FedAvg_anchor,FedAvg_then_LocalLastDecoderStage,last-decoder-stage,20260829,0.0,scar_volume_ml_abs_error,45,-0.25213915179009916,-1.526688025587713,1.0825056557558392,0.6585,0.3415,True
Delta_local_personalized_minus_local_site_model,FedAvg_then_LocalLastDecoderStage,last-decoder-stage,20260829,0.0,scar_volume_ml_abs_error,45,0.9013870830057924,-2.2278332142610267,4.234681208172248,0.305,0.695,True
Delta_global_personalized_minus_same_run_FedAvg_anchor,FedAvg_then_LocalLastDecoderStage,last-decoder-stage,20260829,0.0,scar_volume_ml_signed_error,45,0.2334467929259243,-0.4592141417518162,0.8964180309410659,0.2575,0.7425,True
Delta_local_personalized_minus_local_site_model,FedAvg_then_LocalLastDecoderStage,last-decoder-stage,20260829,0.0,scar_volume_ml_signed_error,45,0.37924719206649293,-2.555177956547992,3.029216177343481,0.4005,0.5995,True
Delta_global_personalized_minus_same_run_FedAvg_anchor,FedAvg_then_LocalLastDecoderStage,last-decoder-stage,20260829,0.0,whole_myo_volume_ml_abs_error,45,-5.821631321809299,-8.99168403855053,-2.7465202111323643,1.0,0.0,True
Delta_local_personalized_minus_local_site_model,FedAvg_then_LocalLastDecoderStage,last-decoder-stage,20260829,0.0,whole_myo_volume_ml_abs_error,45,19.46663790690482,13.640754073453921,26.38271203253348,0.0,1.0,True
Delta_global_personalized_minus_same_run_FedAvg_anchor,FedAvg_then_LocalLastDecoderStage,last-decoder-stage,20260829,0.0,whole_myo_volume_ml_signed_error,45,-4.067041903092037,-5.9398397223375845,-2.413339299022253,1.0,0.0,True
Delta_local_personalized_minus_local_site_model,FedAvg_then_LocalLastDecoderStage,last-decoder-stage,20260829,0.0,whole_myo_volume_ml_signed_error,45,-13.225466975032916,-19.379443245125348,-7.795144609079412,1.0,0.0,True
Delta_global_personalized_minus_same_run_FedAvg_anchor,FedAvg_then_LocalLastDecoderStage,last-decoder-stage,20260829,0.0,scar_dice_positive,44,0.011084510069341079,0.002076281891029557,0.020125208945243427,0.0075,0.9925,True
Delta_local_personalized_minus_local_site_model,FedAvg_then_LocalLastDecoderStage,last-decoder-stage,20260829,0.0,scar_dice_positive,44,-0.06628051764087693,-0.10308391127706493,-0.030259555869611522,1.0,0.0,True
Delta_global_personalized_minus_same_run_FedAvg_anchor,FedAvg_then_LocalLastDecoderStage,last-decoder-stage,20260829,0.0,whole_myocardium_dice,45,0.01730107647098649,0.00813308525458343,0.02762389130575594,0.0,1.0,True
Delta_local_personalized_minus_local_site_model,FedAvg_then_LocalLastDecoderStage,last-decoder-stage,20260829,0.0,whole_myocardium_dice,45,-0.10706267720428016,-0.12939814059475432,-0.08462374582605332,1.0,0.0,True
Delta_global_personalized_minus_same_run_FedAvg_anchor,FedAvg_then_LocalLastDecoderStage,last-decoder-stage,20260829,0.0,scar_false_negative_burden,44,-0.008465617792552173,-0.0187491088145537,0.0019512454087857243,0.946,0.054,True
Delta_local_personalized_minus_local_site_model,FedAvg_then_LocalLastDecoderStage,last-decoder-stage,20260829,0.0,scar_false_negative_burden,44,0.05856833946441331,0.015708693118436375,0.10486408582473197,0.0045,0.9955,True
Delta_global_personalized_minus_same_run_FedAvg_anchor,FedAvg_then_LocalLastDecoderStage,last-decoder-stage,20260830,0.0,scar_fraction_abs_error,45,-0.023662421071947465,-0.049666757699668475,-0.0032876329020536973,0.9935,0.0065,True
Delta_local_personalized_minus_local_site_model,FedAvg_then_LocalLastDecoderStage,last-decoder-stage,20260830,0.0,scar_fraction_abs_error,45,0.09128958441794609,0.05595631225579226,0.11894932060163214,0.0,1.0,True
Delta_global_personalized_minus_same_run_FedAvg_anchor,FedAvg_then_LocalLastDecoderStage,last-decoder-stage,20260830,0.0,scar_fraction_signed_error,45,0.01144762741395227,-0.0052675970832066895,0.03795888234448712,0.1885,0.8115,True
Delta_local_personalized_minus_local_site_model,FedAvg_then_LocalLastDecoderStage,last-decoder-stage,20260830,0.0,scar_fraction_signed_error,45,0.09152781011991833,0.06007736390782704,0.11705898690615403,0.0,1.0,True
Delta_global_personalized_minus_same_run_FedAvg_anchor,FedAvg_then_LocalLastDecoderStage,last-decoder-stage,20260830,0.0,scar_volume_ml_abs_error,45,-0.16013120760310248,-1.4472662697025946,1.1743370609980068,0.587,0.413,True
Delta_local_personalized_minus_local_site_model,FedAvg_then_LocalLastDecoderStage,last-decoder-stage,20260830,0.0,scar_volume_ml_abs_error,45,1.5381734416453683,-0.9755542091213152,4.0220452414484384,0.115,0.885,True
Delta_global_personalized_minus_same_run_FedAvg_anchor,FedAvg_then_LocalLastDecoderStage,last-decoder-stage,20260830,0.0,scar_volume_ml_signed_error,45,0.11651570358669372,-0.6170711123597772,0.7945290981655896,0.3765,0.6235,True
Delta_local_personalized_minus_local_site_model,FedAvg_then_LocalLastDecoderStage,last-decoder-stage,20260830,0.0,scar_volume_ml_signed_error,45,1.2839573610925827,-1.2877166021530444,3.5317550530849298,0.1585,0.8415,True
Delta_global_personalized_minus_same_run_FedAvg_anchor,FedAvg_then_LocalLastDecoderStage,last-decoder-stage,20260830,0.0,whole_myo_volume_ml_abs_error,45,-7.131134906682922,-10.417791596483257,-3.7322202172593966,1.0,0.0,True
Delta_local_personalized_minus_local_site_model,FedAvg_then_LocalLastDecoderStage,last-decoder-stage,20260830,0.0,whole_myo_volume_ml_abs_error,45,20.10550119430708,15.64743072074222,25.399634148969344,0.0,1.0,True
Delta_global_personalized_minus_same_run_FedAvg_anchor,FedAvg_then_LocalLastDecoderStage,last-decoder-stage,20260830,0.0,whole_myo_volume_ml_signed_error,45,-5.343314627762678,-7.570098992998551,-3.426397649275772,1.0,0.0,True
Delta_local_personalized_minus_local_site_model,FedAvg_then_LocalLastDecoderStage,last-decoder-stage,20260830,0.0,whole_myo_volume_ml_signed_error,45,-17.08232368734111,-21.95888492194342,-12.699936497888531,1.0,0.0,True
Delta_global_personalized_minus_same_run_FedAvg_anchor,FedAvg_then_LocalLastDecoderStage,last-decoder-stage,20260830,0.0,scar_dice_positive,44,0.012053705837573158,0.002772581445754278,0.021788158144311894,0.004,0.996,True
Delta_local_personalized_minus_local_site_model,FedAvg_then_LocalLastDecoderStage,last-decoder-stage,20260830,0.0,scar_dice_positive,44,-0.06727685692942559,-0.1013204668051221,-0.033233510645518376,1.0,0.0,True
Delta_global_personalized_minus_same_run_FedAvg_anchor,FedAvg_then_LocalLastDecoderStage,last-decoder-stage,20260830,0.0,whole_myocardium_dice,45,0.01955316726246409,0.009564186968030996,0.031535570493881684,0.0,1.0,True
Delta_local_personalized_minus_local_site_model,FedAvg_then_LocalLastDecoderStage,last-decoder-stage,20260830,0.0,whole_myocardium_dice,45,-0.09926231459329554,-0.12250528219844442,-0.07538746478824968,1.0,0.0,True
Delta_global_personalized_minus_same_run_FedAvg_anchor,FedAvg_then_LocalLastDecoderStage,last-decoder-stage,20260830,0.0,scar_false_negative_burden,44,-0.008778179927717388,-0.01930416235318074,0.0012874623740298853,0.956,0.044,True
Delta_local_personalized_minus_local_site_model,FedAvg_then_LocalLastDecoderStage,last-decoder-stage,20260830,0.0,scar_false_negative_burden,44,0.04201686341730287,-0.0033759909876316775,0.0858272020181167,0.0315,0.9685,True
Delta_global_personalized_minus_same_run_FedAvg_anchor,FedAvg_then_ProxLocalFT,full-model,20260828,0.0001,scar_fraction_abs_error,45,-0.11146852086609535,-0.15484243493951388,-0.0634876134098414,1.0,0.0,True
Delta_local_personalized_minus_local_site_model,FedAvg_then_ProxLocalFT,full-model,20260828,0.0001,scar_fraction_abs_error,45,-0.010621781690007243,-0.029304573186441668,0.007838696558823422,0.884,0.116,True
Delta_global_personalized_minus_same_run_FedAvg_anchor,FedAvg_then_ProxLocalFT,full-model,20260828,0.0001,scar_fraction_signed_error,45,-0.04807433191998669,-0.07876521863878033,-0.00858460997456248,0.988,0.012,True
Delta_local_personalized_minus_local_site_model,FedAvg_then_ProxLocalFT,full-model,20260828,0.0001,scar_fraction_signed_error,45,0.0473130557875943,0.03501254506674777,0.06118822985125248,0.0,1.0,True
Delta_global_personalized_minus_same_run_FedAvg_anchor,FedAvg_then_ProxLocalFT,full-model,20260828,0.0001,scar_volume_ml_abs_error,45,-1.239718778447367,-4.632844028944904,2.0169522523416883,0.758,0.242,True
Delta_local_personalized_minus_local_site_model,FedAvg_then_ProxLocalFT,full-model,20260828,0.0001,scar_volume_ml_abs_error,45,-1.4737886500020967,-4.568957700204677,1.6612003169030805,0.818,0.182,True
Delta_global_personalized_minus_same_run_FedAvg_anchor,FedAvg_then_ProxLocalFT,full-model,20260828,0.0001,scar_volume_ml_signed_error,45,5.64156159808441,2.6604211292752065,9.225556601872805,0.0,1.0,True
Delta_local_personalized_minus_local_site_model,FedAvg_then_ProxLocalFT,full-model,20260828,0.0001,scar_volume_ml_signed_error,45,6.9494036399478825,5.349104066688664,8.702383438874067,0.0,1.0,True
Delta_global_personalized_minus_same_run_FedAvg_anchor,FedAvg_then_ProxLocalFT,full-model,20260828,0.0001,whole_myo_volume_ml_abs_error,45,-28.290885140929493,-35.38083974257026,-21.932845427581242,1.0,0.0,True
Delta_local_personalized_minus_local_site_model,FedAvg_then_ProxLocalFT,full-model,20260828,0.0001,whole_myo_volume_ml_abs_error,45,-1.3942422783912158,-4.710391356621694,1.5491084715809111,0.7925,0.2075,True
Delta_global_personalized_minus_same_run_FedAvg_anchor,FedAvg_then_ProxLocalFT,full-model,20260828,0.0001,whole_myo_volume_ml_signed_error,45,15.96015907686178,10.444064745331241,22.57687507528069,0.0,1.0,True
Delta_local_personalized_minus_local_site_model,FedAvg_then_ProxLocalFT,full-model,20260828,0.0001,whole_myo_volume_ml_signed_error,45,1.2417957072100556,-1.4970969830413416,3.662077140621583,0.177,0.823,True
Delta_global_personalized_minus_same_run_FedAvg_anchor,FedAvg_then_ProxLocalFT,full-model,20260828,0.0001,scar_dice_positive,44,0.08522236509369324,0.050860438459247724,0.12225636359933613,0.0,1.0,True
Delta_local_personalized_minus_local_site_model,FedAvg_then_ProxLocalFT,full-model,20260828,0.0001,scar_dice_positive,44,0.01645165099321005,-0.007328543931708628,0.0405567332931587,0.0785,0.9215,True
Delta_global_personalized_minus_same_run_FedAvg_anchor,FedAvg_then_ProxLocalFT,full-model,20260828,0.0001,whole_myocardium_dice,45,0.1184661263953093,0.09844244420908728,0.14068907948438908,0.0,1.0,True
Delta_local_personalized_minus_local_site_model,FedAvg_then_ProxLocalFT,full-model,20260828,0.0001,whole_myocardium_dice,45,0.0036989557133837634,-0.00930693450560672,0.01990621465383012,0.3055,0.6945,True
Delta_global_personalized_minus_same_run_FedAvg_anchor,FedAvg_then_ProxLocalFT,full-model,20260828,0.0001,scar_false_negative_burden,44,-0.11169692982680264,-0.15346921771327424,-0.06926647535242111,1.0,0.0,True
Delta_local_personalized_minus_local_site_model,FedAvg_then_ProxLocalFT,full-model,20260828,0.0001,scar_false_negative_burden,44,-0.06374734847678028,-0.08729838164606163,-0.04057893413388178,1.0,0.0,True
Delta_global_personalized_minus_same_run_FedAvg_anchor,FedAvg_then_ProxLocalFT,full-model,20260829,0.0001,scar_fraction_abs_error,45,-0.11615067250112791,-0.15744902475411718,-0.0701453414621261,1.0,0.0,True
Delta_local_personalized_minus_local_site_model,FedAvg_then_ProxLocalFT,full-model,20260829,0.0001,scar_fraction_abs_error,45,-0.007451841603963587,-0.014034690501283795,-0.00029944292018064454,0.9795,0.0205,True
Delta_global_personalized_minus_same_run_FedAvg_anchor,FedAvg_then_ProxLocalFT,full-model,20260829,0.0001,scar_fraction_signed_error,45,-0.07518860217661039,-0.10598401439744194,-0.0397912198647395,1.0,0.0,True
Delta_local_personalized_minus_local_site_model,FedAvg_then_ProxLocalFT,full-model,20260829,0.0001,scar_fraction_signed_error,45,0.009945286439349983,0.003959714773017564,0.01595803284918446,0.0,1.0,True
Delta_global_personalized_minus_same_run_FedAvg_anchor,FedAvg_then_ProxLocalFT,full-model,20260829,0.0001,scar_volume_ml_abs_error,45,-2.0904287996436177,-5.096632606296537,1.0180222099963392,0.919,0.081,True
Delta_local_personalized_minus_local_site_model,FedAvg_then_ProxLocalFT,full-model,20260829,0.0001,scar_volume_ml_abs_error,45,-0.936902564847726,-2.280067972642585,0.5011421411485404,0.8975,0.1025,True
Delta_global_personalized_minus_same_run_FedAvg_anchor,FedAvg_then_ProxLocalFT,full-model,20260829,0.0001,scar_volume_ml_signed_error,45,1.728627809183689,-0.6204357369553288,4.344992087080414,0.0805,0.9195,True
Delta_local_personalized_minus_local_site_model,FedAvg_then_ProxLocalFT,full-model,20260829,0.0001,scar_volume_ml_signed_error,45,1.8744282083242578,0.6398082899892851,3.070749560275296,0.0005,0.9995,True
Delta_global_personalized_minus_same_run_FedAvg_anchor,FedAvg_then_ProxLocalFT,full-model,20260829,0.0001,whole_myo_volume_ml_abs_error,45,-27.17162823071793,-34.76211747184415,-20.507532294900244,1.0,0.0,True
Delta_local_personalized_minus_local_site_model,FedAvg_then_ProxLocalFT,full-model,20260829,0.0001,whole_myo_volume_ml_abs_error,45,-1.8833590020038085,-4.158717538677002,0.23162428793666512,0.9575,0.0425,True
Delta_global_personalized_minus_same_run_FedAvg_anchor,FedAvg_then_ProxLocalFT,full-model,20260829,0.0001,whole_myo_volume_ml_signed_error,45,11.79446305754215,6.711548565723156,17.384226052285168,0.0,1.0,True
Delta_local_personalized_minus_local_site_model,FedAvg_then_ProxLocalFT,full-model,20260829,0.0001,whole_myo_volume_ml_signed_error,45,2.636037985601272,0.4848953659024305,4.790140228786936,0.01,0.99,True
Delta_global_personalized_minus_same_run_FedAvg_anchor,FedAvg_then_ProxLocalFT,full-model,20260829,0.0001,scar_dice_positive,44,0.07513964828485517,0.04028379947185883,0.11165647915414467,0.0,1.0,True
Delta_local_personalized_minus_local_site_model,FedAvg_then_ProxLocalFT,full-model,20260829,0.0001,scar_dice_positive,44,-0.002225379425362831,-0.024654314322062623,0.020231026856416638,0.568,0.432,True
Delta_global_personalized_minus_same_run_FedAvg_anchor,FedAvg_then_ProxLocalFT,full-model,20260829,0.0001,whole_myocardium_dice,45,0.12251367538913747,0.10280340406672646,0.14220117666710186,0.0,1.0,True
Delta_local_personalized_minus_local_site_model,FedAvg_then_ProxLocalFT,full-model,20260829,0.0001,whole_myocardium_dice,45,-0.0018500782861291727,-0.01634540763472586,0.013921580107261862,0.598,0.402,True
Delta_global_personalized_minus_same_run_FedAvg_anchor,FedAvg_then_ProxLocalFT,full-model,20260829,0.0001,scar_false_negative_burden,44,-0.0769282152330944,-0.11752718615009504,-0.038188160107330234,1.0,0.0,True
Delta_local_personalized_minus_local_site_model,FedAvg_then_ProxLocalFT,full-model,20260829,0.0001,scar_false_negative_burden,44,-0.009894257976128919,-0.0374040871908732,0.016633829008091273,0.7705,0.2295,True
Delta_global_personalized_minus_same_run_FedAvg_anchor,FedAvg_then_ProxLocalFT,full-model,20260830,0.0001,scar_fraction_abs_error,45,-0.10365446319201287,-0.15041544284953134,-0.055174030421505274,1.0,0.0,True
Delta_local_personalized_minus_local_site_model,FedAvg_then_ProxLocalFT,full-model,20260830,0.0001,scar_fraction_abs_error,45,0.011297542297880683,0.0026374941204303473,0.020119994304232773,0.007,0.993,True
Delta_global_personalized_minus_same_run_FedAvg_anchor,FedAvg_then_ProxLocalFT,full-model,20260830,0.0001,scar_fraction_signed_error,45,-0.08810290190800414,-0.12325186593301801,-0.0474934320862231,1.0,0.0,True
Delta_local_personalized_minus_local_site_model,FedAvg_then_ProxLocalFT,full-model,20260830,0.0001,scar_fraction_signed_error,45,-0.008022719202038084,-0.01556365734380105,0.0004309237628723,0.9705,0.0295,True
Delta_global_personalized_minus_same_run_FedAvg_anchor,FedAvg_then_ProxLocalFT,full-model,20260830,0.0001,scar_volume_ml_abs_error,45,-0.4691782074908032,-3.9433556029521664,3.1094687047336733,0.5725,0.4275,True
Delta_local_personalized_minus_local_site_model,FedAvg_then_ProxLocalFT,full-model,20260830,0.0001,scar_volume_ml_abs_error,45,1.2291264417576675,-0.9900927104601192,3.3190360092106133,0.137,0.863,True
Delta_global_personalized_minus_same_run_FedAvg_anchor,FedAvg_then_ProxLocalFT,full-model,20260830,0.0001,scar_volume_ml_signed_error,45,0.2311621712869689,-2.2948608977548157,2.8975440861110835,0.4545,0.5455,True
Delta_local_personalized_minus_local_site_model,FedAvg_then_ProxLocalFT,full-model,20260830,0.0001,scar_volume_ml_signed_error,45,1.398603828792858,0.17395836084068553,2.751364647471326,0.0105,0.9895,True
Delta_global_personalized_minus_same_run_FedAvg_anchor,FedAvg_then_ProxLocalFT,full-model,20260830,0.0001,whole_myo_volume_ml_abs_error,45,-28.024207487800595,-34.68877073258989,-21.83555169969321,1.0,0.0,True
Delta_local_personalized_minus_local_site_model,FedAvg_then_ProxLocalFT,full-model,20260830,0.0001,whole_myo_volume_ml_abs_error,45,-0.7875713868105917,-3.34264549692045,1.5767783550217946,0.726,0.274,True
Delta_global_personalized_minus_same_run_FedAvg_anchor,FedAvg_then_ProxLocalFT,full-model,20260830,0.0001,whole_myo_volume_ml_signed_error,45,12.139025539271785,6.540035788500536,18.119391334091265,0.0,1.0,True
Delta_local_personalized_minus_local_site_model,FedAvg_then_ProxLocalFT,full-model,20260830,0.0001,whole_myo_volume_ml_signed_error,45,0.40001647969335086,-2.170047863761195,2.7130349271559493,0.3515,0.6485,True
Delta_global_personalized_minus_same_run_FedAvg_anchor,FedAvg_then_ProxLocalFT,full-model,20260830,0.0001,scar_dice_positive,44,0.05664858871406874,0.02112126686948459,0.0935743602464044,0.001,0.999,True
Delta_local_personalized_minus_local_site_model,FedAvg_then_ProxLocalFT,full-model,20260830,0.0001,scar_dice_positive,44,-0.02268197405293001,-0.044383870983702056,-8.771421062777909e-05,0.9755,0.0245,True
Delta_global_personalized_minus_same_run_FedAvg_anchor,FedAvg_then_ProxLocalFT,full-model,20260830,0.0001,whole_myocardium_dice,45,0.11151582329839937,0.08631098301109076,0.13729392490480827,0.0,1.0,True
Delta_local_personalized_minus_local_site_model,FedAvg_then_ProxLocalFT,full-model,20260830,0.0001,whole_myocardium_dice,45,-0.007299658557360259,-0.025216562959952112,0.012096240457528575,0.7735,0.2265,True
Delta_global_personalized_minus_same_run_FedAvg_anchor,FedAvg_then_ProxLocalFT,full-model,20260830,0.0001,scar_false_negative_burden,44,-0.040666259831298124,-0.09476245815068701,0.0177247380943688,0.9065,0.0935,True
Delta_local_personalized_minus_local_site_model,FedAvg_then_ProxLocalFT,full-model,20260830,0.0001,scar_false_negative_burden,44,0.01012878351372213,-0.01590869966557371,0.040254284565735245,0.2465,0.7535,True
Delta_global_personalized_minus_same_run_FedAvg_anchor,FedAvg_then_ProxLocalFT,full-model,20260828,0.001,scar_fraction_abs_error,45,-0.10253005819428612,-0.14477255688196913,-0.05566951405102347,1.0,0.0,True
Delta_local_personalized_minus_local_site_model,FedAvg_then_ProxLocalFT,full-model,20260828,0.001,scar_fraction_abs_error,45,-0.0016833190181979952,-0.0139906234816356,0.012229048375249296,0.6095,0.3905,True
Delta_global_personalized_minus_same_run_FedAvg_anchor,FedAvg_then_ProxLocalFT,full-model,20260828,0.001,scar_fraction_signed_error,45,-0.07079799515991829,-0.10300825991674167,-0.029905120266598362,0.999,0.001,True
Delta_local_personalized_minus_local_site_model,FedAvg_then_ProxLocalFT,full-model,20260828,0.001,scar_fraction_signed_error,45,0.024589392547662698,0.014585330454688602,0.03635768931622878,0.0,1.0,True
Delta_global_personalized_minus_same_run_FedAvg_anchor,FedAvg_then_ProxLocalFT,full-model,20260828,0.001,scar_volume_ml_abs_error,45,0.8465561636708778,-2.77228970475539,4.087805998396987,0.312,0.688,True
Delta_local_personalized_minus_local_site_model,FedAvg_then_ProxLocalFT,full-model,20260828,0.001,scar_volume_ml_abs_error,45,0.6124862921161481,-1.28190639393943,2.652902647154283,0.2735,0.7265,True
Delta_global_personalized_minus_same_run_FedAvg_anchor,FedAvg_then_ProxLocalFT,full-model,20260828,0.001,scar_volume_ml_signed_error,45,3.229208840224438,0.8229518682829505,6.043561544746126,0.0035,0.9965,True
Delta_local_personalized_minus_local_site_model,FedAvg_then_ProxLocalFT,full-model,20260828,0.001,scar_volume_ml_signed_error,45,4.537050882087911,3.3168500416878874,5.746690539729677,0.0,1.0,True
Delta_global_personalized_minus_same_run_FedAvg_anchor,FedAvg_then_ProxLocalFT,full-model,20260828,0.001,whole_myo_volume_ml_abs_error,45,-28.165854029415787,-34.73757855851301,-21.820758774580977,1.0,0.0,True
Delta_local_personalized_minus_local_site_model,FedAvg_then_ProxLocalFT,full-model,20260828,0.001,whole_myo_volume_ml_abs_error,45,-1.2692111668775092,-4.063594201345973,1.150062956084112,0.8365,0.1635,True
Delta_global_personalized_minus_same_run_FedAvg_anchor,FedAvg_then_ProxLocalFT,full-model,20260828,0.001,whole_myo_volume_ml_signed_error,45,15.171341532793575,9.97866135586662,21.224669835046235,0.0,1.0,True
Delta_local_personalized_minus_local_site_model,FedAvg_then_ProxLocalFT,full-model,20260828,0.001,whole_myo_volume_ml_signed_error,45,0.45297816314185113,-1.6798615218358164,2.262403693515939,0.3075,0.6925,True
Delta_global_personalized_minus_same_run_FedAvg_anchor,FedAvg_then_ProxLocalFT,full-model,20260828,0.001,scar_dice_positive,44,0.06837185412277082,0.03029965369530133,0.10715504556613571,0.0,1.0,True
Delta_local_personalized_minus_local_site_model,FedAvg_then_ProxLocalFT,full-model,20260828,0.001,scar_dice_positive,44,-0.0003988599777123708,-0.018450582734903426,0.01922861361821921,0.501,0.499,True
Delta_global_personalized_minus_same_run_FedAvg_anchor,FedAvg_then_ProxLocalFT,full-model,20260828,0.001,whole_myocardium_dice,45,0.11687347912048247,0.09731413081358403,0.13838210315497246,0.0,1.0,True
Delta_local_personalized_minus_local_site_model,FedAvg_then_ProxLocalFT,full-model,20260828,0.001,whole_myocardium_dice,45,0.0021063084385569307,-0.010724080264331422,0.015865594111792305,0.378,0.622,True
Delta_global_personalized_minus_same_run_FedAvg_anchor,FedAvg_then_ProxLocalFT,full-model,20260828,0.001,scar_false_negative_burden,44,-0.09069875378111081,-0.1338476145432994,-0.047935235953597014,1.0,0.0,True
Delta_local_personalized_minus_local_site_model,FedAvg_then_ProxLocalFT,full-model,20260828,0.001,scar_false_negative_burden,44,-0.04274917243108844,-0.06509235714243167,-0.0230917057847919,1.0,0.0,True
Delta_global_personalized_minus_same_run_FedAvg_anchor,FedAvg_then_ProxLocalFT,full-model,20260829,0.001,scar_fraction_abs_error,45,-0.11624377902435742,-0.15720967303271705,-0.07060151717821746,1.0,0.0,True
Delta_local_personalized_minus_local_site_model,FedAvg_then_ProxLocalFT,full-model,20260829,0.001,scar_fraction_abs_error,45,-0.007544948127193095,-0.01600212128606203,0.0011624746237066442,0.954,0.046,True
Delta_global_personalized_minus_same_run_FedAvg_anchor,FedAvg_then_ProxLocalFT,full-model,20260829,0.001,scar_fraction_signed_error,45,-0.07229689747883414,-0.10215589295191488,-0.037201568920497405,1.0,0.0,True
Delta_local_personalized_minus_local_site_model,FedAvg_then_ProxLocalFT,full-model,20260829,0.001,scar_fraction_signed_error,45,0.012836991137126235,0.005822840847722373,0.019965417214952336,0.0,1.0,True
Delta_global_personalized_minus_same_run_FedAvg_anchor,FedAvg_then_ProxLocalFT,full-model,20260829,0.001,scar_volume_ml_abs_error,45,-1.8484665987906796,-5.0290285750711,1.2036425258395087,0.8775,0.1225,True
Delta_local_personalized_minus_local_site_model,FedAvg_then_ProxLocalFT,full-model,20260829,0.001,scar_volume_ml_abs_error,45,-0.6949403639947882,-2.7152364716444013,1.287820448591176,0.7565,0.2435,True
Delta_global_personalized_minus_same_run_FedAvg_anchor,FedAvg_then_ProxLocalFT,full-model,20260829,0.001,scar_volume_ml_signed_error,45,2.6634534452687286,-0.004268088607320237,5.532611107515799,0.0265,0.9735,True
Delta_local_personalized_minus_local_site_model,FedAvg_then_ProxLocalFT,full-model,20260829,0.001,scar_volume_ml_signed_error,45,2.809253844409297,1.4661870907306664,4.193132248274711,0.0,1.0,True
Delta_global_personalized_minus_same_run_FedAvg_anchor,FedAvg_then_ProxLocalFT,full-model,20260829,0.001,whole_myo_volume_ml_abs_error,45,-27.086266458571522,-33.84228206910378,-21.294651949704953,1.0,0.0,True
Delta_local_personalized_minus_local_site_model,FedAvg_then_ProxLocalFT,full-model,20260829,0.001,whole_myo_volume_ml_abs_error,45,-1.7979972298574058,-4.79123061638735,1.0293622410406083,0.889,0.111,True
Delta_global_personalized_minus_same_run_FedAvg_anchor,FedAvg_then_ProxLocalFT,full-model,20260829,0.001,whole_myo_volume_ml_signed_error,45,14.169846483426305,9.489664055657878,19.689362555093375,0.0,1.0,True
Delta_local_personalized_minus_local_site_model,FedAvg_then_ProxLocalFT,full-model,20260829,0.001,whole_myo_volume_ml_signed_error,45,5.011421411485428,2.7868230137722847,7.051832574201653,0.0,1.0,True
Delta_global_personalized_minus_same_run_FedAvg_anchor,FedAvg_then_ProxLocalFT,full-model,20260829,0.001,scar_dice_positive,44,0.08384727404507772,0.049457106375960826,0.11933404292400214,0.0,1.0,True
Delta_local_personalized_minus_local_site_model,FedAvg_then_ProxLocalFT,full-model,20260829,0.001,scar_dice_positive,44,0.0064822463348597125,-0.012297061069146785,0.02603689950989528,0.2495,0.7505,True
Delta_global_personalized_minus_same_run_FedAvg_anchor,FedAvg_then_ProxLocalFT,full-model,20260829,0.001,whole_myocardium_dice,45,0.12192536257315781,0.10123656604646797,0.1430550211576607,0.0,1.0,True
Delta_local_personalized_minus_local_site_model,FedAvg_then_ProxLocalFT,full-model,20260829,0.001,whole_myocardium_dice,45,-0.0024383911021088377,-0.014087543886070959,0.010907112117971095,0.658,0.342,True
Delta_global_personalized_minus_same_run_FedAvg_anchor,FedAvg_then_ProxLocalFT,full-model,20260829,0.001,scar_false_negative_burden,44,-0.08499589198582368,-0.13177117666559687,-0.035185524860175996,0.9995,0.0005,True
Delta_local_personalized_minus_local_site_model,FedAvg_then_ProxLocalFT,full-model,20260829,0.001,scar_false_negative_burden,44,-0.017961934728858195,-0.043337003807333796,0.008369285332435254,0.917,0.083,True
Delta_global_personalized_minus_same_run_FedAvg_anchor,FedAvg_then_ProxLocalFT,full-model,20260830,0.001,scar_fraction_abs_error,45,-0.11451199986239936,-0.16105979702160772,-0.06501532558305169,1.0,0.0,True
Delta_local_personalized_minus_local_site_model,FedAvg_then_ProxLocalFT,full-model,20260830,0.001,scar_fraction_abs_error,45,0.00044000562749418393,-0.007786413255706491,0.00900850305630426,0.472,0.528,True
Delta_global_personalized_minus_same_run_FedAvg_anchor,FedAvg_then_ProxLocalFT,full-model,20260830,0.001,scar_fraction_signed_error,45,-0.0766959216493042,-0.11191025692975978,-0.03450418842542958,1.0,0.0,True
Delta_local_personalized_minus_local_site_model,FedAvg_then_ProxLocalFT,full-model,20260830,0.001,scar_fraction_signed_error,45,0.003384261056661852,-0.004979696928535051,0.011856812566402596,0.224,0.776,True
Delta_global_personalized_minus_same_run_FedAvg_anchor,FedAvg_then_ProxLocalFT,full-model,20260830,0.001,scar_volume_ml_abs_error,45,-0.5649246234506345,-3.940463479650126,2.8449925960932148,0.624,0.376,True
Delta_local_personalized_minus_local_site_model,FedAvg_then_ProxLocalFT,full-model,20260830,0.001,scar_volume_ml_abs_error,45,1.1333800257978361,-0.8290372695576198,3.2537840998089185,0.1495,0.8505,True
Delta_global_personalized_minus_same_run_FedAvg_anchor,FedAvg_then_ProxLocalFT,full-model,20260830,0.001,scar_volume_ml_signed_error,45,2.672591931824547,-0.056866309522347114,5.599057250956038,0.03,0.97,True
Delta_local_personalized_minus_local_site_model,FedAvg_then_ProxLocalFT,full-model,20260830,0.001,scar_volume_ml_signed_error,45,3.840033589330436,2.204109495469244,5.80217049930293,0.0,1.0,True
Delta_global_personalized_minus_same_run_FedAvg_anchor,FedAvg_then_ProxLocalFT,full-model,20260830,0.001,whole_myo_volume_ml_abs_error,45,-24.420736084540106,-31.25033728113435,-17.679882053975447,1.0,0.0,True
Delta_local_personalized_minus_local_site_model,FedAvg_then_ProxLocalFT,full-model,20260830,0.001,whole_myo_volume_ml_abs_error,45,2.8159000164498926,-1.1122888142127572,7.523394057447642,0.0935,0.9065,True
Delta_global_personalized_minus_same_run_FedAvg_anchor,FedAvg_then_ProxLocalFT,full-model,20260830,0.001,whole_myo_volume_ml_signed_error,45,17.089177552257972,11.126034689203053,23.58229032768752,0.0,1.0,True
Delta_local_personalized_minus_local_site_model,FedAvg_then_ProxLocalFT,full-model,20260830,0.001,whole_myo_volume_ml_signed_error,45,5.350168492679539,2.168054012149011,9.046587650392134,0.0,1.0,True
Delta_global_personalized_minus_same_run_FedAvg_anchor,FedAvg_then_ProxLocalFT,full-model,20260830,0.001,scar_dice_positive,44,0.061480313782056914,0.027321630462027804,0.0987571979320216,0.0,1.0,True
Delta_local_personalized_minus_local_site_model,FedAvg_then_ProxLocalFT,full-model,20260830,0.001,scar_dice_positive,44,-0.017850248984941836,-0.043010197584440926,0.005305671491054251,0.9275,0.0725,True
Delta_global_personalized_minus_same_run_FedAvg_anchor,FedAvg_then_ProxLocalFT,full-model,20260830,0.001,whole_myocardium_dice,45,0.11585139165504593,0.09480989138547719,0.13906818042313812,0.0,1.0,True
Delta_local_personalized_minus_local_site_model,FedAvg_then_ProxLocalFT,full-model,20260830,0.001,whole_myocardium_dice,45,-0.002964090200713706,-0.022068140110641545,0.017823142072500537,0.607,0.393,True
Delta_global_personalized_minus_same_run_FedAvg_anchor,FedAvg_then_ProxLocalFT,full-model,20260830,0.001,scar_false_negative_burden,44,-0.06444851067630761,-0.11113939208622038,-0.019597444838812816,0.9995,0.0005,True
Delta_local_personalized_minus_local_site_model,FedAvg_then_ProxLocalFT,full-model,20260830,0.001,scar_false_negative_burden,44,-0.013653467331287349,-0.040735677310235634,0.01508392057988764,0.836,0.164,True
Delta_global_personalized_minus_same_run_FedAvg_anchor,FedAvg_then_ProxLocalFT,full-model,20260828,0.01,scar_fraction_abs_error,45,-0.11496524599255559,-0.15768407471446977,-0.06704044717138609,1.0,0.0,True
Delta_local_personalized_minus_local_site_model,FedAvg_then_ProxLocalFT,full-model,20260828,0.01,scar_fraction_abs_error,45,-0.01411850681646747,-0.03062986523170073,0.0018095697842870247,0.958,0.042,True
Delta_global_personalized_minus_same_run_FedAvg_anchor,FedAvg_then_ProxLocalFT,full-model,20260828,0.01,scar_fraction_signed_error,45,-0.05324153735700773,-0.08436450920575654,-0.01385338958297454,0.9955,0.0045,True
Delta_local_personalized_minus_local_site_model,FedAvg_then_ProxLocalFT,full-model,20260828,0.01,scar_fraction_signed_error,45,0.04214585035057326,0.031771246791701464,0.05302895391132882,0.0,1.0,True
Delta_global_personalized_minus_same_run_FedAvg_anchor,FedAvg_then_ProxLocalFT,full-model,20260828,0.01,scar_volume_ml_abs_error,45,-1.5427426849232777,-4.80615334954725,1.5403490245242812,0.826,0.174,True
Delta_local_personalized_minus_local_site_model,FedAvg_then_ProxLocalFT,full-model,20260828,0.01,scar_volume_ml_abs_error,45,-1.7768125564780073,-4.251691254738646,0.8058483599222286,0.9165,0.0835,True
Delta_global_personalized_minus_same_run_FedAvg_anchor,FedAvg_then_ProxLocalFT,full-model,20260828,0.01,scar_volume_ml_signed_error,45,2.8694847785271955,0.22221060831979186,5.97215154156307,0.017,0.983,True
Delta_local_personalized_minus_local_site_model,FedAvg_then_ProxLocalFT,full-model,20260828,0.01,scar_volume_ml_signed_error,45,4.177326820390668,2.5246107574831584,5.818084965947013,0.0,1.0,True
Delta_global_personalized_minus_same_run_FedAvg_anchor,FedAvg_then_ProxLocalFT,full-model,20260828,0.01,whole_myo_volume_ml_abs_error,45,-25.934817152538315,-32.614334284418945,-19.75359676940135,1.0,0.0,True
Delta_local_personalized_minus_local_site_model,FedAvg_then_ProxLocalFT,full-model,20260828,0.01,whole_myo_volume_ml_abs_error,45,0.9618257099999605,-2.3365448580219272,4.112511066029132,0.283,0.717,True
Delta_global_personalized_minus_same_run_FedAvg_anchor,FedAvg_then_ProxLocalFT,full-model,20260828,0.01,whole_myo_volume_ml_signed_error,45,8.842108821383777,3.8225562337924326,14.755400201812327,0.0,1.0,True
Delta_local_personalized_minus_local_site_model,FedAvg_then_ProxLocalFT,full-model,20260828,0.01,whole_myo_volume_ml_signed_error,45,-5.876254548267946,-8.569008266056272,-3.6504671088381646,1.0,0.0,True
Delta_global_personalized_minus_same_run_FedAvg_anchor,FedAvg_then_ProxLocalFT,full-model,20260828,0.01,scar_dice_positive,44,0.09422833836349288,0.05755252406420879,0.1310145107644938,0.0,1.0,True
Delta_local_personalized_minus_local_site_model,FedAvg_then_ProxLocalFT,full-model,20260828,0.01,scar_dice_positive,44,0.02545762426300968,-0.0016478061855260174,0.05609244443749492,0.0325,0.9675,True
Delta_global_personalized_minus_same_run_FedAvg_anchor,FedAvg_then_ProxLocalFT,full-model,20260828,0.01,whole_myocardium_dice,45,0.12478331399247611,0.09994013473385874,0.15325603958001327,0.0,1.0,True
Delta_local_personalized_minus_local_site_model,FedAvg_then_ProxLocalFT,full-model,20260828,0.01,whole_myocardium_dice,45,0.010016143310550575,-0.007828357171165316,0.03332307899139257,0.191,0.809,True
Delta_global_personalized_minus_same_run_FedAvg_anchor,FedAvg_then_ProxLocalFT,full-model,20260828,0.01,scar_false_negative_burden,44,-0.09823773386571132,-0.13972733067372423,-0.05881200063281068,1.0,0.0,True
Delta_local_personalized_minus_local_site_model,FedAvg_then_ProxLocalFT,full-model,20260828,0.01,scar_false_negative_burden,44,-0.05028815251568896,-0.080220003568329,-0.021679667565838858,0.999,0.001,True
Delta_global_personalized_minus_same_run_FedAvg_anchor,FedAvg_then_ProxLocalFT,full-model,20260829,0.01,scar_fraction_abs_error,45,-0.11121734660754959,-0.15438951384070526,-0.06415875030537911,1.0,0.0,True
Delta_local_personalized_minus_local_site_model,FedAvg_then_ProxLocalFT,full-model,20260829,0.01,scar_fraction_abs_error,45,-0.0025185157103852682,-0.013591575974703767,0.009404356819551892,0.6625,0.3375,True
Delta_global_personalized_minus_same_run_FedAvg_anchor,FedAvg_then_ProxLocalFT,full-model,20260829,0.01,scar_fraction_signed_error,45,-0.051610002874817304,-0.08321030475697253,-0.01563477728726595,0.9965,0.0035,True
Delta_local_personalized_minus_local_site_model,FedAvg_then_ProxLocalFT,full-model,20260829,0.01,scar_fraction_signed_error,45,0.03352388574114307,0.025068067139217196,0.042167984632074135,0.0,1.0,True
Delta_global_personalized_minus_same_run_FedAvg_anchor,FedAvg_then_ProxLocalFT,full-model,20260829,0.01,scar_volume_ml_abs_error,45,-0.9726257395659275,-4.585702938353834,2.501016846739042,0.7125,0.2875,True
Delta_local_personalized_minus_local_site_model,FedAvg_then_ProxLocalFT,full-model,20260829,0.01,scar_volume_ml_abs_error,45,0.18090049522996396,-2.432047234852145,2.8671222720596394,0.4525,0.5475,True
Delta_global_personalized_minus_same_run_FedAvg_anchor,FedAvg_then_ProxLocalFT,full-model,20260829,0.01,scar_volume_ml_signed_error,45,6.7855339605719465,4.271193615820271,9.507458142832196,0.0,1.0,True
Delta_local_personalized_minus_local_site_model,FedAvg_then_ProxLocalFT,full-model,20260829,0.01,scar_volume_ml_signed_error,45,6.931334359712514,5.5503844254024886,8.460047390843847,0.0,1.0,True
Delta_global_personalized_minus_same_run_FedAvg_anchor,FedAvg_then_ProxLocalFT,full-model,20260829,0.01,whole_myo_volume_ml_abs_error,45,-26.710757738277866,-33.29150652284895,-21.400009353514125,1.0,0.0,True
Delta_local_personalized_minus_local_site_model,FedAvg_then_ProxLocalFT,full-model,20260829,0.01,whole_myo_volume_ml_abs_error,45,-1.422488509563749,-4.858637339380329,1.9947446915466651,0.804,0.196,True
Delta_global_personalized_minus_same_run_FedAvg_anchor,FedAvg_then_ProxLocalFT,full-model,20260829,0.01,whole_myo_volume_ml_signed_error,45,16.78013055237027,11.84347857634154,22.46557765521024,0.0,1.0,True
Delta_local_personalized_minus_local_site_model,FedAvg_then_ProxLocalFT,full-model,20260829,0.01,whole_myo_volume_ml_signed_error,45,7.621705480429393,5.399344973458043,9.87436837804833,0.0,1.0,True
Delta_global_personalized_minus_same_run_FedAvg_anchor,FedAvg_then_ProxLocalFT,full-model,20260829,0.01,scar_dice_positive,44,0.09765245073334626,0.059982706667512285,0.1383355400125508,0.0,1.0,True
Delta_local_personalized_minus_local_site_model,FedAvg_then_ProxLocalFT,full-model,20260829,0.01,scar_dice_positive,44,0.020287423023128255,-0.0034641881474287033,0.043846841381264184,0.044,0.956,True
Delta_global_personalized_minus_same_run_FedAvg_anchor,FedAvg_then_ProxLocalFT,full-model,20260829,0.01,whole_myocardium_dice,45,0.1256448362606979,0.10172517910967209,0.14968251688576653,0.0,1.0,True
Delta_local_personalized_minus_local_site_model,FedAvg_then_ProxLocalFT,full-model,20260829,0.01,whole_myocardium_dice,45,0.0012810825854312575,-0.01155279875679294,0.014500672148151067,0.403,0.597,True
Delta_global_personalized_minus_same_run_FedAvg_anchor,FedAvg_then_ProxLocalFT,full-model,20260829,0.01,scar_false_negative_burden,44,-0.14233349755487043,-0.18668877211339255,-0.09918103398306886,1.0,0.0,True
Delta_local_personalized_minus_local_site_model,FedAvg_then_ProxLocalFT,full-model,20260829,0.01,scar_false_negative_burden,44,-0.07529954029790493,-0.10260044273413448,-0.04853551034624564,1.0,0.0,True
Delta_global_personalized_minus_same_run_FedAvg_anchor,FedAvg_then_ProxLocalFT,full-model,20260830,0.01,scar_fraction_abs_error,45,-0.11029573523304675,-0.15591091039509866,-0.06106962810159301,1.0,0.0,True
Delta_local_personalized_minus_local_site_model,FedAvg_then_ProxLocalFT,full-model,20260830,0.01,scar_fraction_abs_error,45,0.00465627025684679,-0.004463776750207247,0.014251641616173977,0.182,0.818,True
Delta_global_personalized_minus_same_run_FedAvg_anchor,FedAvg_then_ProxLocalFT,full-model,20260830,0.01,scar_fraction_signed_error,45,-0.06617095629962014,-0.09935157282053488,-0.025007961660681366,0.999,0.001,True
Delta_local_personalized_minus_local_site_model,FedAvg_then_ProxLocalFT,full-model,20260830,0.01,scar_fraction_signed_error,45,0.013909226406345919,0.005755176050836043,0.02240644331518508,0.0,1.0,True
Delta_global_personalized_minus_same_run_FedAvg_anchor,FedAvg_then_ProxLocalFT,full-model,20260830,0.01,scar_volume_ml_abs_error,45,0.17134662292160827,-3.318688123642863,3.9012251030010785,0.45,0.55,True
Delta_local_personalized_minus_local_site_model,FedAvg_then_ProxLocalFT,full-model,20260830,0.01,scar_volume_ml_abs_error,45,1.8696512721700789,0.30666372413251813,3.5652455293832435,0.012,0.988,True
Delta_global_personalized_minus_same_run_FedAvg_anchor,FedAvg_then_ProxLocalFT,full-model,20260830,0.01,scar_volume_ml_signed_error,45,-1.1898724881428997,-4.340516305596827,2.3190623101620167,0.772,0.228,True
Delta_local_personalized_minus_local_site_model,FedAvg_then_ProxLocalFT,full-model,20260830,0.01,scar_volume_ml_signed_error,45,-0.0224308306370107,-1.9208891047455467,2.1903809963478884,0.5265,0.4735,True
Delta_global_personalized_minus_same_run_FedAvg_anchor,FedAvg_then_ProxLocalFT,full-model,20260830,0.01,whole_myo_volume_ml_abs_error,45,-22.617754225652256,-32.749687731883206,-13.335995931461166,1.0,0.0,True
Delta_local_personalized_minus_local_site_model,FedAvg_then_ProxLocalFT,full-model,20260830,0.01,whole_myo_volume_ml_abs_error,45,4.6188818753377445,-0.47058532672752773,9.668845892336721,0.0345,0.9655,True
Delta_global_personalized_minus_same_run_FedAvg_anchor,FedAvg_then_ProxLocalFT,full-model,20260830,0.01,whole_myo_volume_ml_signed_error,45,3.500455736631249,-2.8730415190332956,10.994092597231505,0.146,0.854,True
Delta_local_personalized_minus_local_site_model,FedAvg_then_ProxLocalFT,full-model,20260830,0.01,whole_myo_volume_ml_signed_error,45,-8.238553322947183,-11.307392108760814,-4.719836190170018,1.0,0.0,True
Delta_global_personalized_minus_same_run_FedAvg_anchor,FedAvg_then_ProxLocalFT,full-model,20260830,0.01,scar_dice_positive,44,0.06330309262282985,0.024079083342112825,0.10365067597885698,0.0005,0.9995,True
Delta_local_personalized_minus_local_site_model,FedAvg_then_ProxLocalFT,full-model,20260830,0.01,scar_dice_positive,44,-0.0160274701441689,-0.04398056483056772,0.013081885642852736,0.8555,0.1445,True
Delta_global_personalized_minus_same_run_FedAvg_anchor,FedAvg_then_ProxLocalFT,full-model,20260830,0.01,whole_myocardium_dice,45,0.10520142685150961,0.08060872717946366,0.13187190693029546,0.0,1.0,True
Delta_local_personalized_minus_local_site_model,FedAvg_then_ProxLocalFT,full-model,20260830,0.01,whole_myocardium_dice,45,-0.013614055004250013,-0.03250665290436064,0.004819792081455476,0.9205,0.0795,True
Delta_global_personalized_minus_same_run_FedAvg_anchor,FedAvg_then_ProxLocalFT,full-model,20260830,0.01,scar_false_negative_burden,44,-0.04228154609063498,-0.08894197839866885,-0.0005122816308351629,0.976,0.024,True
Delta_local_personalized_minus_local_site_model,FedAvg_then_ProxLocalFT,full-model,20260830,0.01,scar_false_negative_burden,44,0.008513497254385273,-0.028512745967875775,0.040757662411079185,0.3305,0.6695,True
