issue,title,state,state_reason,project_status,project_area,kind_label,scope_label,area_label,integration_label,canonical_sources,classification_basis
4,建立 AI_Skills 维护看板和源码追踪,OPEN,,ADAPTING,repo,kind:governance,scope:repo-workflow,area:repo,,,Frozen anchor: repository board lifecycle governance; v6.1 semantics left untouched.
5,Keep AI_Skills workflow rules separate from Bridge Kit runtime bugs,OPEN,,TODO,workflow-core,kind:governance,scope:cross-repo,area:workflow-core,integration:bridge-kit,docs/plugin-todos/workflow-core.md :: Keep AI_Skills workflow rules separate from Bridge Kit runtime bugs [PROMOTE_NOW],Frozen anchor: AI_Skills workflow rule with real Bridge Kit dependency dimension.
6,Real-task-driven Reviewed Handoff batches,OPEN,,TODO,workflow-core,kind:governance,scope:plugin,area:workflow-core,,docs/plugin-todos/workflow-core.md :: Real-task-driven Reviewed Handoff batches [PROMOTE_NOW],"Semantic maintainer classification: item concerns workflow, lifecycle, ownership, review, handoff, or maintenance governance mechanics."
7,Approval-sensitive handoff should emit one bounded kickoff before execution,OPEN,,TODO,workflow-core,kind:governance,scope:plugin,area:workflow-core,,docs/plugin-todos/workflow-core.md :: Approval-sensitive handoff should emit one bounded kickoff before execution [DEFER_AFTER_056_WORKFLOW_CORE],"Semantic maintainer classification: item concerns workflow, lifecycle, ownership, review, handoff, or maintenance governance mechanics."
8,按页面语义检查子代理浏览器能力,OPEN,,TODO,workflow-core,kind:enhancement,scope:plugin,area:workflow-core,,"docs/plugin-todos/workflow-core.md :: Subagent browser capability checks must use rendered-page semantics, not foreground-window assumptions [NEW]","Semantic maintainer classification: item improves quality, usability, completeness, or maintainability of an existing capability."
9,防止任务局部禁令变成全局规则,OPEN,,TODO,workflow-core,kind:governance,scope:plugin,area:workflow-core,,docs/plugin-todos/workflow-core.md :: Task-local prohibitions must expire with their task instead of becoming accidental global policy [DEFER_AFTER_056_WORKFLOW_CORE],"Semantic maintainer classification: item concerns workflow, lifecycle, ownership, review, handoff, or maintenance governance mechanics."
10,Post-056 acceptance artifact packaging / comparison-review fidelity,OPEN,,TODO,workflow-core,kind:governance,scope:plugin,area:workflow-core,,docs/plugin-todos/workflow-core.md :: Post-056 acceptance artifact packaging / comparison-review fidelity [DEFER_UNTIL_056_COMPLETE],"Semantic maintainer classification: item concerns workflow, lifecycle, ownership, review, handoff, or maintenance governance mechanics."
11,修复 sibling worktree 授权与沙箱执行不一致,OPEN,,TODO,workflow-core,kind:governance,scope:plugin,area:workflow-core,,docs/plugin-todos/workflow-core.md :: Reviewed Handoff exact sibling worktree authorization can still be unexecutable under Host sandbox [NEW / POST_056_REFINEMENT],"Semantic maintainer classification: item concerns workflow, lifecycle, ownership, review, handoff, or maintenance governance mechanics."
12,README 写作默认经过 Clear Writing,OPEN,,TODO,writing-style,kind:enhancement,scope:plugin,area:writing-style,,"docs/plugin-todos/writing-style.md :: Codex-authored README should always use Clear Writing, with Chinese README prose kept genuinely Chinese [NEW]","Semantic maintainer classification: item improves quality, usability, completeness, or maintainability of an existing capability."
13,Promote writing-style into the generic content-preserving language layer,OPEN,,TODO,writing-style,kind:new-capability,scope:plugin,area:writing-style,,docs/plugin-todos/writing-style.md :: Promote `writing-style` into the generic content-preserving language layer [READY_FOR_PROMOTION_AFTER_050],Semantic maintainer classification: item introduces a materially new user-visible capability or normal-entry behavior.
14,Advisor-facing English can sound AI-authored even when every sentence is correct,OPEN,,TODO,writing-style,kind:regression,scope:plugin,area:writing-style,,docs/plugin-todos/writing-style.md :: Advisor-facing English can sound AI-authored even when every sentence is correct [NEW],"Semantic maintainer classification: existing capability/rule/path is reported as failing, regressing, bypassed, or missing obvious expected quality in real use."
15,降低英文科研幻灯片的认知负担,OPEN,,TODO,writing-style,kind:regression,scope:plugin,area:writing-style,,docs/plugin-todos/writing-style.md :: English scientific slide microcopy and full-deck prose remain cognitively heavy after a nominal final pass [NEW],"Semantic maintainer classification: existing capability/rule/path is reported as failing, regressing, bypassed, or missing obvious expected quality in real use."
16,防止中文技术文档回退到英文脚手架,OPEN,,TODO,writing-style,kind:regression,scope:plugin,area:writing-style,,docs/plugin-todos/writing-style.md :: Versioned Chinese technical documents can regress into English-keyword scaffolding during content-preserving revision [NEW],"Semantic maintainer classification: existing capability/rule/path is reported as failing, regressing, bypassed, or missing obvious expected quality in real use."
17,产品 UI 文案说明用户影响,OPEN,,TODO,writing-style,kind:enhancement,scope:plugin,area:writing-style,,"docs/plugin-todos/writing-style.md :: Product UI microcopy should state user consequence, not internal implementation reassurance [NEW]","Semantic maintainer classification: item improves quality, usability, completeness, or maintainability of an existing capability."
18,Audit academic-humanizer only for genuinely missing academic-writing capabilities,OPEN,,TODO,writing-style,kind:enhancement,scope:plugin,area:writing-style,,docs/plugin-todos/writing-style.md :: Audit `academic-humanizer` only for genuinely missing academic-writing capabilities [CANDIDATE_GENERIC],"Semantic maintainer classification: item improves quality, usability, completeness, or maintainability of an existing capability."
19,Keep style cleanup downstream of scientific structure,OPEN,,TODO,writing-style,kind:governance,scope:plugin,area:writing-style,,docs/plugin-todos/writing-style.md :: Keep style cleanup downstream of scientific structure [CANDIDATE_GENERIC],"Semantic maintainer classification: item concerns workflow, lifecycle, ownership, review, handoff, or maintenance governance mechanics."
20,让正式科研报告具备清楚的文档身份,OPEN,,TODO,research-writing,kind:enhancement,scope:plugin,area:research-writing,,docs/plugin-todos/research-writing.md :: Formal research reports can be scientifically correct yet still lack a coherent academic document identity [PARTIALLY_PROMOTED_IN_5.2.1],"Semantic maintainer classification: item improves quality, usability, completeness, or maintainability of an existing capability."
21,Keep research authoring separate from the generic language layer,OPEN,,TODO,research-writing,kind:governance,scope:plugin,area:research-writing,,docs/plugin-todos/research-writing.md :: Keep research authoring separate from the generic language layer [READY_FOR_PROMOTION],"Semantic maintainer classification: item concerns workflow, lifecycle, ownership, review, handoff, or maintenance governance mechanics."
22,导师报告重写先改文档结构,OPEN,,TODO,research-writing,kind:enhancement,scope:plugin,area:research-writing,,"docs/plugin-todos/research-writing.md :: Reader-first advisor report rewriting must change the document plan, not just the wording [READY_FOR_PROMOTION]","Semantic maintainer classification: item improves quality, usability, completeness, or maintainability of an existing capability."
23,Meaning-first rewriting should be a reusable transformation pattern,OPEN,,TODO,research-writing,kind:enhancement,scope:plugin,area:research-writing,,docs/plugin-todos/research-writing.md :: Meaning-first rewriting should be a reusable transformation pattern [READY_FOR_PROMOTION],"Semantic maintainer classification: item improves quality, usability, completeness, or maintainability of an existing capability."
24,Cross-project replay of advisor-facing report rules,OPEN,,TODO,research-writing,kind:enhancement,scope:plugin,area:research-writing,,docs/plugin-todos/research-writing.md :: Cross-project replay of advisor-facing report rules [CANDIDATE_GENERIC],"Semantic maintainer classification: item improves quality, usability, completeness, or maintainability of an existing capability."
25,Distinguish research-document semantics from comparison/render packaging,OPEN,,TODO,research-writing,kind:governance,scope:plugin,area:research-writing,,docs/plugin-todos/research-writing.md :: Distinguish research-document semantics from comparison/render packaging [CANDIDATE_GENERIC],"Semantic maintainer classification: item concerns workflow, lifecycle, ownership, review, handoff, or maintenance governance mechanics."
26,导师报告先交代方法与数据,OPEN,,TODO,research-writing,kind:enhancement,scope:plugin,area:research-writing,,docs/plugin-todos/research-writing.md :: Advisor/group-meeting reports need method and dataset orientation before project-specific results [NEW],"Semantic maintainer classification: item improves quality, usability, completeness, or maintainability of an existing capability."
27,导师报告隐藏无关执行细节,OPEN,,TODO,research-writing,kind:enhancement,scope:plugin,area:research-writing,,docs/plugin-todos/research-writing.md :: Advisor-facing research reports should suppress execution/runtime details unless they change the scientific interpretation [NEW],"Semantic maintainer classification: item improves quality, usability, completeness, or maintainability of an existing capability."
28,双语导师报告分成两版,OPEN,,TODO,research-writing,kind:enhancement,scope:plugin,area:research-writing,,"docs/plugin-todos/research-writing.md :: Bilingual advisor reports should be two audience-calibrated versions, not interleaved translation [NEW]","Semantic maintainer classification: item improves quality, usability, completeness, or maintainability of an existing capability."
29,CAT-TRACE v13/v14 follow-up feedback is consolidated into the canonical inbox,OPEN,,TODO,presentations,kind:governance,scope:plugin,area:presentations,,docs/plugin-todos/presentations.md :: CAT-TRACE v13/v14 follow-up feedback is consolidated into the canonical inbox [NEW],"Semantic maintainer classification: item concerns workflow, lifecycle, ownership, review, handoff, or maintenance governance mechanics."
30,Advisor discussion questions need a decision-value and answerability gate,OPEN,,TODO,presentations,kind:enhancement,scope:plugin,area:presentations,,docs/plugin-todos/presentations.md :: Advisor discussion questions need a decision-value and answerability gate [NEW],"Semantic maintainer classification: item improves quality, usability, completeness, or maintainability of an existing capability."
31,检查幻灯片句间与页间过渡,OPEN,,TODO,presentations,kind:regression,scope:plugin,area:presentations,,docs/plugin-todos/presentations.md :: Page-level language audits can pass while sentence and slide transitions remain mechanical [NEW],"Semantic maintainer classification: existing capability/rule/path is reported as failing, regressing, bypassed, or missing obvious expected quality in real use."
32,Accent colour and emphasis can drift without a semantic-role contract,OPEN,,TODO,presentations,kind:regression,scope:plugin,area:presentations,,docs/plugin-todos/presentations.md :: Accent colour and emphasis can drift without a semantic-role contract [NEW],"Semantic maintainer classification: existing capability/rule/path is reported as failing, regressing, bypassed, or missing obvious expected quality in real use."
33,统一引用、书目和 PDF 文本层,OPEN,,TODO,presentations,kind:enhancement,scope:plugin,area:presentations,,"docs/plugin-todos/presentations.md :: Citation style, bibliography fidelity, and PDF text-layer integrity need one delivery contract [NEW]","Semantic maintainer classification: item improves quality, usability, completeness, or maintainability of an existing capability."
34,Audience/page-job briefing before prose handoff materially improved a real research deck,OPEN,,TODO,presentations,kind:enhancement,scope:plugin,area:presentations,,docs/plugin-todos/presentations.md :: Audience/page-job briefing before prose handoff materially improved a real research deck [NEW],"Semantic maintainer classification: item improves quality, usability, completeness, or maintainability of an existing capability."
35,强化整套研究幻灯片的读者努力审查,OPEN,,TODO,presentations,kind:regression,scope:plugin,area:presentations,,docs/plugin-todos/presentations.md :: Full-deck audience-context and responsive-layout review still regresses after repeated real revisions [NEW],Frozen anchor: presentations full-deck quality regression in real use.
36,Review coverage can self-certify unresolved reviewer feedback,OPEN,,TODO,presentations,kind:regression,scope:plugin,area:presentations,,docs/plugin-todos/presentations.md :: Review coverage can self-certify unresolved reviewer feedback [NEW],"Semantic maintainer classification: existing capability/rule/path is reported as failing, regressing, bypassed, or missing obvious expected quality in real use."
37,Presentations 0.2 completion evidence can still miss obvious rendered regressions,OPEN,,TODO,presentations,kind:regression,scope:plugin,area:presentations,,docs/plugin-todos/presentations.md :: Presentations 0.2 completion evidence can still miss obvious rendered regressions [NEW],"Semantic maintainer classification: existing capability/rule/path is reported as failing, regressing, bypassed, or missing obvious expected quality in real use."
38,"Deck-wide formula, text and emphasis scale still lacks a stable hierarchy",OPEN,,TODO,presentations,kind:regression,scope:plugin,area:presentations,,"docs/plugin-todos/presentations.md :: Deck-wide formula, text and emphasis scale still lacks a stable hierarchy [NEW]","Semantic maintainer classification: existing capability/rule/path is reported as failing, regressing, bypassed, or missing obvious expected quality in real use."
39,Diagram planning needs a semantic-purpose gate before geometry,OPEN,,TODO,presentations,kind:enhancement,scope:plugin,area:presentations,,docs/plugin-todos/presentations.md :: Diagram planning needs a semantic-purpose gate before geometry [NEW],"Semantic maintainer classification: item improves quality, usability, completeness, or maintainability of an existing capability."
40,"Table, list and paragraph primitives still drift across one deck",OPEN,,TODO,presentations,kind:regression,scope:plugin,area:presentations,,"docs/plugin-todos/presentations.md :: Table, list and paragraph primitives still drift across one deck [NEW]","Semantic maintainer classification: existing capability/rule/path is reported as failing, regressing, bypassed, or missing obvious expected quality in real use."
41,Complex multi-slide models can finish without a model-closure page,OPEN,,TODO,presentations,kind:enhancement,scope:plugin,area:presentations,,docs/plugin-todos/presentations.md :: Complex multi-slide models can finish without a model-closure page [NEW],"Semantic maintainer classification: item improves quality, usability, completeness, or maintainability of an existing capability."
42,Question/background callout lacks a stable research-deck primitive,OPEN,,TODO,presentations,kind:enhancement,scope:plugin,area:presentations,,docs/plugin-todos/presentations.md :: Question/background callout lacks a stable research-deck primitive [NEW],"Semantic maintainer classification: item improves quality, usability, completeness, or maintainability of an existing capability."
43,Slide source/figure citation style is inconsistent and underspecified,OPEN,,TODO,presentations,kind:enhancement,scope:plugin,area:presentations,,docs/plugin-todos/presentations.md :: Slide source/figure citation style is inconsistent and underspecified [NEW],"Semantic maintainer classification: item improves quality, usability, completeness, or maintainability of an existing capability."
44,Diagram geometry and canonical edge/node treatment,OPEN,,TODO,presentations,kind:enhancement,scope:plugin,area:presentations,,docs/plugin-todos/presentations.md :: Diagram geometry and canonical edge/node treatment [BLOCKED_NEEDS_EVIDENCE],"Semantic maintainer classification: item improves quality, usability, completeness, or maintainability of an existing capability."
45,Deck-wide style system and terminology hierarchy,OPEN,,TODO,presentations,kind:enhancement,scope:plugin,area:presentations,,docs/plugin-todos/presentations.md :: Deck-wide style system and terminology hierarchy [CANDIDATE_GENERIC],"Semantic maintainer classification: item improves quality, usability, completeness, or maintainability of an existing capability."
46,Math and theory slide hierarchy,OPEN,,TODO,presentations,kind:enhancement,scope:plugin,area:presentations,,docs/plugin-todos/presentations.md :: Math and theory slide hierarchy [CANDIDATE_GENERIC],"Semantic maintainer classification: item improves quality, usability, completeness, or maintainability of an existing capability."
47,"Simulation, metric and structured-fact presentation",OPEN,,TODO,presentations,kind:enhancement,scope:plugin,area:presentations,,"docs/plugin-todos/presentations.md :: Simulation, metric and structured-fact presentation [CANDIDATE_GENERIC]","Semantic maintainer classification: item improves quality, usability, completeness, or maintainability of an existing capability."
48,Natural scientific slide language,OPEN,,TODO,presentations,kind:enhancement,scope:plugin,area:presentations,,docs/plugin-todos/presentations.md :: Natural scientific slide language [CANDIDATE_GENERIC],"Semantic maintainer classification: item improves quality, usability, completeness, or maintainability of an existing capability."
49,Delegate captions/annotations without giving away visual semantics,OPEN,,TODO,scientific-visualization,kind:enhancement,scope:plugin,area:scientific-visualization,,"docs/plugin-todos/presentations.md :: Course-standard teaching template needs structural navigation, not only colours and bands [PROMOTE_NOW]; docs/plugin-todos/scientific-visualization.md :: Delegate captions/annotations without giving away visual semantics [READY_FOR_PROMOTION_AFTER_LANGUAGE_LAYER]","Semantic maintainer classification: item improves quality, usability, completeness, or maintainability of an existing capability."
50,Interactive scientific schematic connectors need actual-render qualitative QA,OPEN,,TODO,scientific-visualization,kind:regression,scope:plugin,area:scientific-visualization,,docs/plugin-todos/presentations.md :: Teaching decks need a presenter-learning companion distinct from student-visible slides [NEW]; docs/plugin-todos/scientific-visualization.md :: Interactive scientific schematic connectors need actual-render qualitative QA [NEW],"Semantic maintainer classification: existing capability/rule/path is reported as failing, regressing, bypassed, or missing obvious expected quality in real use."
51,Curriculum-driven capability refinement,OPEN,,TODO,scientific-visualization,kind:enhancement,scope:plugin,area:scientific-visualization,,docs/plugin-todos/presentations.md :: Teaching presentations need optional lecture/source cross-references without duplicating the lecture [NEW]; docs/plugin-todos/scientific-visualization.md :: Curriculum-driven capability refinement [BLOCKED_NEEDS_EVIDENCE],"Semantic maintainer classification: item improves quality, usability, completeness, or maintainability of an existing capability."
52,Production icon sourcing and icon-registry discipline,CLOSED,DUPLICATE,DONE,web-development,kind:enhancement,scope:plugin,area:web-development,,docs/plugin-todos/presentations.md :: Assessment-introduction slides need answer-leakage and provisional-administration guardrails [NEW],"Semantic maintainer classification: item improves quality, usability, completeness, or maintainability of an existing capability."
53,Desktop-native acceptance must not be inferred from browser fixtures,CLOSED,COMPLETED,DONE,web-development,kind:regression,scope:plugin,area:web-development,,"docs/plugin-todos/presentations.md :: Closing frames need a teaching-purpose contract, not a generic Questions/Thanks default [NEW]; docs/plugin-todos/web-development.md :: Desktop-native acceptance must not be inferred from browser fixtures [PROMOTED]; docs/plugin-todos/web-development.md :: Native interaction acceptance must prove the intended control path, not only the final window state [SUPERSEDED]","Semantic maintainer classification: existing capability/rule/path is reported as failing, regressing, bypassed, or missing obvious expected quality in real use."
54,"Motion, hover grammar, and performance budgets belong to the design system",CLOSED,COMPLETED,DONE,web-development,kind:enhancement,scope:plugin,area:web-development,,"docs/plugin-todos/presentations.md :: Final presentation reviewer must be extracted from the human-accepted STAT5060 reviewer, not reconstructed from memory [NEW]; docs/plugin-todos/web-development.md :: Motion, hover grammar, and performance budgets belong to the design system [PROMOTED]","Semantic maintainer classification: item improves quality, usability, completeness, or maintainability of an existing capability."
55,Component craftsmanship must be part of the definition of done,CLOSED,COMPLETED,DONE,web-development,kind:enhancement,scope:plugin,area:web-development,,"docs/plugin-todos/presentations.md :: Reviewer calibration must be blind, artifact-bound and proven before candidate review [NEW]; docs/plugin-todos/web-development.md :: Production icon sourcing and icon-registry discipline [SUPERSEDED]; docs/plugin-todos/web-development.md :: Component craftsmanship must be part of the definition of done [PROMOTED]; docs/plugin-todos/web-development.md :: Comparable resource cards need one coherent progress and reset grammar [SUPERSEDED]; docs/plugin-todos/web-development.md :: Severity colors must encode one stable semantic meaning [SUPERSEDED]; docs/plugin-todos/web-development.md :: Typography governance must define semantic roles and hierarchy, not only token values [SUPERSEDED]; docs/plugin-todos/web-development.md :: Status chrome must follow one coherent visual grammar [SUPERSEDED]","Semantic maintainer classification: item improves quality, usability, completeness, or maintainability of an existing capability."
56,"External review should confirm quality, not discover obvious local P2 defects",CLOSED,COMPLETED,DONE,web-development,kind:regression,scope:plugin,area:web-development,,"docs/plugin-todos/presentations.md :: Human rejection must invalidate prior reviewer PASS and create persistent regression guards [NEW]; docs/plugin-todos/web-development.md :: External review should confirm quality, not discover obvious local P2 defects [PROMOTED]","Semantic maintainer classification: existing capability/rule/path is reported as failing, regressing, bypassed, or missing obvious expected quality in real use."
57,Freeze whole-screen visual direction before implementation polish,CLOSED,COMPLETED,DONE,web-development,kind:enhancement,scope:plugin,area:web-development,,"docs/plugin-todos/presentations.md :: Independent presentation review needs role separation, verdict isolation and role-scoped closure [NEW]; docs/plugin-todos/web-development.md :: Freeze whole-screen visual direction before implementation polish [PROMOTED]","Semantic maintainer classification: item improves quality, usability, completeness, or maintainability of an existing capability."
58,Canonical design artifacts must gate production implementation,CLOSED,COMPLETED,DONE,web-development,kind:enhancement,scope:plugin,area:web-development,,docs/plugin-todos/presentations.md :: Rendered-pixel review must use whole-slide projection scale before zoomed diagnostics [NEW]; docs/plugin-todos/web-development.md :: Canonical design artifacts must gate production implementation [PROMOTED]; docs/plugin-todos/web-development.md :: Design corrections must round-trip through the canonical Figma before code changes [SUPERSEDED]; docs/plugin-todos/web-development.md :: “Figma complete” needs an explicit definition of done [SUPERSEDED]; docs/plugin-todos/web-development.md :: Design-to-code goals must not stop at either Figma or implementation [SUPERSEDED],"Semantic maintainer classification: item improves quality, usability, completeness, or maintainability of an existing capability."
59,"Visual acceptance must include a whole-product taste gate, not only defect checklists",CLOSED,COMPLETED,DONE,web-development,kind:enhancement,scope:plugin,area:web-development,,"docs/plugin-todos/presentations.md :: Template QA must test semantic behaviour and optical geometry, not element presence [NEW]; docs/plugin-todos/web-development.md :: Visual acceptance must include a whole-product taste gate, not only defect checklists [PROMOTED]","Semantic maintainer classification: item improves quality, usability, completeness, or maintainability of an existing capability."
60,Design corrections must round-trip through the canonical Figma before code changes,CLOSED,DUPLICATE,DONE,web-development,kind:enhancement,scope:plugin,area:web-development,,"docs/plugin-todos/presentations.md :: First-use dependency checks must inspect legends, plot titles, captions, annotations and footers [NEW]","Semantic maintainer classification: item improves quality, usability, completeness, or maintainability of an existing capability."
61,“Figma complete” needs an explicit definition of done,CLOSED,DUPLICATE,DONE,web-development,kind:enhancement,scope:plugin,area:web-development,,"docs/plugin-todos/presentations.md :: Figure-caption policy must be semantic: explain the scientific object, never narrate the slide [NEW]","Semantic maintainer classification: item improves quality, usability, completeness, or maintainability of an existing capability."
62,Design-to-code goals must not stop at either Figma or implementation,CLOSED,DUPLICATE,DONE,web-development,kind:enhancement,scope:plugin,area:web-development,,docs/plugin-todos/presentations.md :: Teaching/course-standard route should freeze a reusable standard Beamer separate from CUHK research and commercial PPT [NEW],"Semantic maintainer classification: item improves quality, usability, completeness, or maintainability of an existing capability."
63,Normal UI must have a human-readable presentation boundary,CLOSED,COMPLETED,DONE,web-development,kind:enhancement,scope:plugin,area:web-development,,docs/plugin-todos/presentations.md :: Teaching closing frames may combine pedagogical recap with durable contact information [NEW]; docs/plugin-todos/web-development.md :: Normal UI must have a human-readable presentation boundary [PROMOTED]; docs/plugin-todos/web-development.md :: Opaque identifiers and formatting artifacts must not leak into glanceable UI [SUPERSEDED],Frozen anchor: web-development presentation-boundary improvement completed as enhancement.
64,"Primary surfaces should optimize for actionability, not implementation completeness",CLOSED,COMPLETED,DONE,web-development,kind:enhancement,scope:plugin,area:web-development,,"docs/plugin-todos/presentations.md :: Student-facing slide language needs a rendered full-deck anti-meta/anti-AI gate [NEW]; docs/plugin-todos/web-development.md :: Primary surfaces should optimize for actionability, not implementation completeness [PROMOTED]; docs/plugin-todos/web-development.md :: Configured surfaces must collapse from setup mode to status mode [SUPERSEDED]","Semantic maintainer classification: item improves quality, usability, completeness, or maintainability of an existing capability."
65,Metric labels and rankings must be backed by the data semantics they imply,CLOSED,COMPLETED,DONE,web-development,kind:enhancement,scope:plugin,area:web-development,,"docs/plugin-todos/presentations.md :: Reviewer runtime contract must include agent type, model, reasoning and image capability [NEW]; docs/plugin-todos/web-development.md :: Metric labels and rankings must be backed by the data semantics they imply [PROMOTED]","Semantic maintainer classification: item improves quality, usability, completeness, or maintainability of an existing capability."
66,Comparable resource cards need one coherent progress and reset grammar,CLOSED,DUPLICATE,DONE,web-development,kind:enhancement,scope:plugin,area:web-development,,"docs/plugin-todos/presentations.md :: Presentation visual review must prove actual pixel consumption, not merely receive an archive [NEW]","Semantic maintainer classification: item improves quality, usability, completeness, or maintainability of an existing capability."
67,Opaque identifiers and formatting artifacts must not leak into glanceable UI,CLOSED,DUPLICATE,DONE,web-development,kind:regression,scope:plugin,area:web-development,,"docs/plugin-todos/presentations.md :: Blind calibration must be frozen, sentinel-based and must not become prompt tuning on the holdout [NEW]","Semantic maintainer classification: existing capability/rule/path is reported as failing, regressing, bypassed, or missing obvious expected quality in real use."
68,Severity colors must encode one stable semantic meaning,CLOSED,DUPLICATE,DONE,web-development,kind:enhancement,scope:plugin,area:web-development,,docs/plugin-todos/presentations.md :: Artifact review must not depend on the unfinished Presentations production plugin [NEW],"Semantic maintainer classification: item improves quality, usability, completeness, or maintainability of an existing capability."
69,原生交互验收要覆盖真实控制路径,CLOSED,DUPLICATE,DONE,web-development,kind:regression,scope:plugin,area:web-development,,docs/plugin-todos/presentations.md :: Review transport should distinguish plugin replay from fresh reviewer execution [NEW],"Semantic maintainer classification: existing capability/rule/path is reported as failing, regressing, bypassed, or missing obvious expected quality in real use."
70,Configured surfaces must collapse from setup mode to status mode,CLOSED,DUPLICATE,DONE,web-development,kind:enhancement,scope:plugin,area:web-development,,docs/plugin-todos/presentations.md :: Review standards must not Goodhart into renderer hacks [NEW],"Semantic maintainer classification: item improves quality, usability, completeness, or maintainability of an existing capability."
71,"Typography governance must define semantic roles and hierarchy, not only token values",CLOSED,DUPLICATE,DONE,web-development,kind:enhancement,scope:plugin,area:web-development,,docs/plugin-todos/presentations.md :: Native template chrome must remain native; diagrams and scientific graphics use separate rendering ownership [NEW],"Semantic maintainer classification: item improves quality, usability, completeness, or maintainability of an existing capability."
72,Status chrome must follow one coherent visual grammar,CLOSED,DUPLICATE,DONE,web-development,kind:enhancement,scope:plugin,area:web-development,,docs/plugin-todos/presentations.md :: Final candidate review should bind to a frozen artifact identity before independent acceptance [NEW],"Semantic maintainer classification: item improves quality, usability, completeness, or maintainability of an existing capability."
73,Delegate reader-facing wording without giving away statistical semantics,OPEN,,TODO,statistical-modeling,kind:enhancement,scope:plugin,area:statistical-modeling,,docs/plugin-todos/statistical-modeling.md :: Delegate reader-facing wording without giving away statistical semantics [READY_FOR_PROMOTION_AFTER_LANGUAGE_LAYER],"Semantic maintainer classification: item improves quality, usability, completeness, or maintainability of an existing capability."
74,Curriculum-driven capability refinement pilot,OPEN,,TODO,statistical-modeling,kind:enhancement,scope:plugin,area:statistical-modeling,,docs/plugin-todos/statistical-modeling.md :: Curriculum-driven capability refinement pilot [BLOCKED_NEEDS_EVIDENCE],"Semantic maintainer classification: item improves quality, usability, completeness, or maintainability of an existing capability."
75,统计方案不能只给方法名称而把算法选择留给执行者,OPEN,,TODO,statistical-modeling,kind:enhancement,scope:plugin,area:statistical-modeling,,docs/plugin-todos/statistical-modeling.md :: 统计方案不能只给方法名称而把算法选择留给执行者 [NEW],"Semantic maintainer classification: item improves quality, usability, completeness, or maintainability of an existing capability."
76,独立参照、近似误差和数值实现误差应分别说明,OPEN,,TODO,statistical-modeling,kind:enhancement,scope:plugin,area:statistical-modeling,,docs/plugin-todos/statistical-modeling.md :: 独立参照、近似误差和数值实现误差应分别说明 [NEW],"Semantic maintainer classification: item improves quality, usability, completeness, or maintainability of an existing capability."
77,随机数与数据处理应绑定到统计目标，而不是只记录一个seed,OPEN,,TODO,statistical-modeling,kind:enhancement,scope:plugin,area:statistical-modeling,,docs/plugin-todos/statistical-modeling.md :: 随机数与数据处理应绑定到统计目标，而不是只记录一个seed [NEW],"Semantic maintainer classification: item improves quality, usability, completeness, or maintainability of an existing capability."
78,小时级 MCMC / 优化不能只在终态输出，必须预先规划 progress logging,OPEN,,TODO,statistical-modeling,kind:enhancement,scope:plugin,area:statistical-modeling,,docs/plugin-todos/statistical-modeling.md :: 小时级 MCMC / 优化不能只在终态输出，必须预先规划 progress logging [NEW],"Semantic maintainer classification: item improves quality, usability, completeness, or maintainability of an existing capability."
79,Hard-case lifecycle and mature-component reuse,OPEN,,TODO,medical-imaging,kind:enhancement,scope:plugin,area:medical-imaging,,docs/plugin-todos/medical-imaging.md :: Hard-case lifecycle and mature-component reuse [BLOCKED_NEEDS_EVIDENCE],"Semantic maintainer classification: item improves quality, usability, completeness, or maintainability of an existing capability."
80,Nominal skill invocation can still bypass the declared Pandoc + XeLaTeX production route,CLOSED,COMPLETED,DONE,standalone-skill,kind:regression,scope:standalone-skill,area:standalone-skill,,docs/skill-todos/render-chinese-math-pdf.md :: Nominal skill invocation can still bypass the declared Pandoc + XeLaTeX production route [PROMOTED_IN_5.2.1],"Semantic maintainer classification: existing capability/rule/path is reported as failing, regressing, bypassed, or missing obvious expected quality in real use."
81,Current PDF validator can miss mathematical corruption and non-canonical font output,CLOSED,COMPLETED,DONE,standalone-skill,kind:regression,scope:standalone-skill,area:standalone-skill,,docs/skill-todos/render-chinese-math-pdf.md :: Current PDF validator can miss mathematical corruption and non-canonical font output [PROMOTED_IN_5.2.1],"Semantic maintainer classification: existing capability/rule/path is reported as failing, regressing, bypassed, or missing obvious expected quality in real use."
82,保持 PDF 渲染默认配置稳定,CLOSED,COMPLETED,DONE,standalone-skill,kind:regression,scope:standalone-skill,area:standalone-skill,,docs/skill-todos/render-chinese-math-pdf.md :: Rendering defaults can drift across retries even when the document purpose did not change [PROMOTED_IN_5.2.1],"Semantic maintainer classification: existing capability/rule/path is reported as failing, regressing, bypassed, or missing obvious expected quality in real use."
83,避免模板按块类型发明 PDF 字体风格,OPEN,,TODO,standalone-skill,kind:enhancement,scope:standalone-skill,area:standalone-skill,,docs/skill-todos/render-chinese-math-pdf.md :: Technically correct XeLaTeX output can still be visually inconsistent because the template invents typography by block class [PARTIALLY_PROMOTED_IN_5.2.1],"Semantic maintainer classification: item improves quality, usability, completeness, or maintainability of an existing capability."
84,Bioinformatics curriculum-driven capability refinement,OPEN,,TODO,bioinformatics,kind:enhancement,scope:plugin,area:bioinformatics,,docs/plugin-todos/bioinformatics.md :: Curriculum-driven capability refinement [BLOCKED_NEEDS_EVIDENCE],"Semantic maintainer classification: item improves quality, usability, completeness, or maintainability of an existing capability."
85,Medical imaging curriculum-driven capability refinement,OPEN,,TODO,medical-imaging,kind:enhancement,scope:plugin,area:medical-imaging,,docs/plugin-todos/medical-imaging.md :: Curriculum-driven capability refinement [BLOCKED_NEEDS_EVIDENCE],"Semantic maintainer classification: item improves quality, usability, completeness, or maintainability of an existing capability."
86,让 AI Skills Maintainer 统一同步当前机器上的 AI Research Stack,CLOSED,COMPLETED,DONE,ai-skills-core,kind:new-capability,scope:plugin,area:ai-skills-core,,docs/plugin-todos/ai-skills-core.md :: AI Skills Maintainer machine update orchestration [PROMOTED],Frozen anchor: AI Skills Maintainer machine-update user capability.
89,为产品 UI 文案补上页面级内容架构,OPEN,,DOING,web-development,kind:new-capability,scope:plugin,area:web-development,,docs/plugin-todos/web-development.md :: Product UI copy needs an explicit Frontend Design content-architecture contract [NEW],Semantic maintainer classification: item introduces a materially new user-visible capability or normal-entry behavior.
90,为产品 UI 微文案建立独立自然度能力,OPEN,,DOING,writing-style,kind:new-capability,scope:plugin,area:writing-style,,"docs/plugin-todos/writing-style.md :: Product UI copy naturalness needs a dedicated microcopy capability, not more long-form prose rules [NEW]",Semantic maintainer classification: item introduces a materially new user-visible capability or normal-entry behavior.
92,完善 AI Skills Maintenance Board 的 Issue 分类与 intake,OPEN,,DOING,repo,kind:governance,scope:repo-workflow,area:repo,,,"v7 top-level repo governance task for Issue taxonomy, intake, audit and migration."
