comparison,scope,seed,metric,n_subjects,n_sites,estimate,ci_low,ci_high,p_positive
local_off_minus_own,decoder,20260828,scar_fraction_abs_error,45,7,0.1313765632948536,0.10023998326136731,0.16390670717647932,1.0
local_off_minus_own,decoder,20260828,whole_myo_volume_ml_abs_error,45,7,42.95510990083387,36.49453827218069,49.09517161360327,1.0
local_off_minus_own,decoder,20260828,scar_volume_ml_abs_error,45,7,4.349850369611131,0.5037452251977752,7.955394374699368,0.986
local_own_minus_off,decoder,20260828,whole_myocardium_dice,45,7,0.1779726101894632,0.1570657772733032,0.1989767151884561,1.0
local_own_minus_off,decoder,20260828,scar_dice_positive,44,7,0.0860322857422693,0.05666169320892328,0.11573102928171522,1.0
local_off_minus_own,decoder,20260829,scar_fraction_abs_error,45,7,0.15084828100093703,0.11692680669046755,0.18489649479593429,1.0
local_off_minus_own,decoder,20260829,whole_myo_volume_ml_abs_error,45,7,37.203921079559,29.261651163865835,46.321151134878995,1.0
local_off_minus_own,decoder,20260829,scar_volume_ml_abs_error,45,7,5.945381660586016,2.314722394434987,9.760700663027471,0.9985
local_own_minus_off,decoder,20260829,whole_myocardium_dice,45,7,0.18700034171410115,0.16349630000313517,0.21094408804801734,1.0
local_own_minus_off,decoder,20260829,scar_dice_positive,44,7,0.10236299514494318,0.06793395736471973,0.13899943719542443,1.0
local_off_minus_own,decoder,20260830,scar_fraction_abs_error,45,7,0.14730836125631247,0.11419517946687548,0.17787987072176376,1.0
local_off_minus_own,decoder,20260830,whole_myo_volume_ml_abs_error,45,7,38.02898103053608,31.3500956311541,45.389770604379045,1.0
local_off_minus_own,decoder,20260830,scar_volume_ml_abs_error,45,7,4.601574135648694,2.1634908265799955,7.08000351670654,1.0
local_own_minus_off,decoder,20260830,whole_myocardium_dice,45,7,0.1769560008211378,0.15756542363978118,0.19603550498414232,1.0
local_own_minus_off,decoder,20260830,scar_dice_positive,44,7,0.08998102155345133,0.06122687541571145,0.11853653887201315,1.0
local_off_minus_own,full-model,20260828,scar_fraction_abs_error,45,7,0.13972733517142225,0.11039990258700458,0.1694999565188654,1.0
local_off_minus_own,full-model,20260828,whole_myo_volume_ml_abs_error,45,7,41.90030701322433,34.670518855700784,48.73356966214978,1.0
local_off_minus_own,full-model,20260828,scar_volume_ml_abs_error,45,7,4.449473719261311,0.11187030625415273,8.614057716305908,0.9765
local_own_minus_off,full-model,20260828,whole_myocardium_dice,45,7,0.18196667673595882,0.1591409773175156,0.2064310411940914,1.0
local_own_minus_off,full-model,20260828,scar_dice_positive,44,7,0.10781917106227669,0.0744475242421686,0.14188710977826666,1.0
local_off_minus_own,full-model,20260829,scar_fraction_abs_error,45,7,0.1775971539821068,0.15230670318331693,0.20418547959585764,1.0
local_off_minus_own,full-model,20260829,whole_myo_volume_ml_abs_error,45,7,42.22243866431695,33.58566453966915,51.03859799158493,1.0
local_off_minus_own,full-model,20260829,scar_volume_ml_abs_error,45,7,5.859742964604591,2.137080081201487,9.719304011239199,1.0
local_own_minus_off,full-model,20260829,whole_myocardium_dice,45,7,0.20808292123001745,0.18460945565282566,0.2326056555860096,1.0
local_own_minus_off,full-model,20260829,scar_dice_positive,44,7,0.11987052751777628,0.08655474461329549,0.1526396504381657,1.0
local_off_minus_own,full-model,20260830,scar_fraction_abs_error,45,7,0.16195529156754687,0.13522096657633942,0.18967494527238538,1.0
local_off_minus_own,full-model,20260830,whole_myo_volume_ml_abs_error,45,7,39.71852796350189,33.44073904676986,46.49946152686448,1.0
local_off_minus_own,full-model,20260830,scar_volume_ml_abs_error,45,7,7.05290392328841,3.986242451127666,10.21080747215491,1.0
local_own_minus_off,full-model,20260830,whole_myocardium_dice,45,7,0.18761846580241046,0.16724927069170387,0.20816892501180712,1.0
local_own_minus_off,full-model,20260830,scar_dice_positive,44,7,0.11214568006190012,0.08039577066476315,0.14387471532361443,1.0
pooled_minus_local_oracle,decoder,20260828,scar_fraction_abs_error,45,7,0.0381282474811019,-0.0042869558438329925,0.07867496934443312,0.9645
pooled_minus_local_oracle,decoder,20260828,whole_myo_volume_ml_abs_error,45,7,13.517275466190318,7.692025096012035,19.626436805905882,1.0
pooled_minus_local_oracle,decoder,20260828,scar_volume_ml_abs_error,45,7,2.2005060240659833,-1.94216204759736,6.374608412552579,0.8505
pooled_minus_local_oracle,decoder,20260829,scar_fraction_abs_error,45,7,0.04004697553141396,0.014639195950609554,0.07537735060454953,1.0
pooled_minus_local_oracle,decoder,20260829,whole_myo_volume_ml_abs_error,45,7,6.621041202567201,0.8581869647419168,12.842714965679383,0.986
pooled_minus_local_oracle,decoder,20260829,scar_volume_ml_abs_error,45,7,1.0203951011077097,-1.040842464776354,3.0450631438027767,0.8325
pooled_minus_local_oracle,decoder,20260830,scar_fraction_abs_error,45,7,0.03331843299802838,0.009096881795187885,0.06106455471453748,0.9995
pooled_minus_local_oracle,decoder,20260830,whole_myo_volume_ml_abs_error,45,7,8.77024708619484,4.609052809968334,13.08294293101548,1.0
pooled_minus_local_oracle,decoder,20260830,scar_volume_ml_abs_error,45,7,-1.3402421305613774,-3.05721317706449,0.3115393144029224,0.055
pooled_minus_local_oracle,full-model,20260828,scar_fraction_abs_error,45,7,0.020809524111486188,-0.001646149717162707,0.040255943289865315,0.963
pooled_minus_local_oracle,full-model,20260828,whole_myo_volume_ml_abs_error,45,7,16.047390084894595,8.603038743832883,22.85665814890213,1.0
pooled_minus_local_oracle,full-model,20260828,scar_volume_ml_abs_error,45,7,4.585235629382231,-0.06136286029356267,9.402183816173538,0.9745
pooled_minus_local_oracle,full-model,20260829,scar_fraction_abs_error,45,7,0.02075035065285149,0.007940136690323467,0.03566643497252161,0.9995
pooled_minus_local_oracle,full-model,20260829,whole_myo_volume_ml_abs_error,45,7,6.269832548796973,2.034523069674013,10.824153093546613,0.998
pooled_minus_local_oracle,full-model,20260829,scar_volume_ml_abs_error,45,7,0.03406163170805322,-2.392346741553397,2.7281082376511487,0.4925
pooled_minus_local_oracle,full-model,20260830,scar_fraction_abs_error,45,7,0.0250171923865517,-0.0013750849540176235,0.059438321873575714,0.9635
pooled_minus_local_oracle,full-model,20260830,whole_myo_volume_ml_abs_error,45,7,7.162081145246946,3.9978022904659833,10.456391317537781,1.0
pooled_minus_local_oracle,full-model,20260830,scar_volume_ml_abs_error,45,7,1.7527201828308479,-0.7089959793962677,4.092785435105523,0.9235
